C,01-01-0000,2018-07-31T17:11:34Z
R,01-01-0000,2017-05-19T15:38:35Z
JavaScript,01-01-0000,2020-04-27T21:13:10Z
Rust,01-01-0000,2018-04-10T16:06:30Z
Java,01-01-0000,2014-11-25T22:28:39Z
C#,01-01-0000,2016-02-29T17:56:59Z
Java,01-01-0000,2015-09-12T00:49:01Z
Java,01-01-0000,2015-06-19T23:12:46Z
Go,01-01-0000,2015-11-18T14:14:40Z
Python,01-01-0000,2017-10-06T17:02:13Z
Python,01-01-0000,2018-07-10T13:35:27Z
JavaScript,01-01-0000,2016-12-29T19:19:02Z
Python,01-01-0000,2014-08-25T16:18:51Z
Python,01-01-0000,2019-11-13T01:46:06Z
Go,01-01-0000,2016-06-27T10:37:54Z
HTML,01-01-0000,2017-04-18T04:35:24Z
C++,01-01-0000,2018-08-02T17:59:27Z
C,01-01-0000,2019-07-25T16:50:06Z
JavaScript,01-01-0000,2016-03-18T01:27:54Z
JavaScript,01-01-0000,2020-07-06T23:32:31Z
Java,01-01-0000,2015-12-17T13:22:58Z
Go,01-01-0000,2020-01-25T00:59:50Z
Shell,01-01-0000,2020-01-25T00:59:51Z
C,01-01-0000,2018-04-24T18:16:49Z
Python,01-01-0000,2019-10-30T23:00:05Z
Python,01-01-0000,2019-10-30T23:00:06Z
C++,01-01-0000,2018-12-07T07:54:55Z
TypeScript,01-01-0000,2018-01-13T22:34:47Z
Python,01-01-0000,2017-04-20T16:49:05Z
Go,01-01-0000,2018-06-06T07:42:47Z
JavaScript,01-01-0000,2020-01-16T00:22:57Z
Python,01-01-0000,2019-12-19T21:53:01Z
Java,01-01-0000,2015-02-12T00:29:58Z
C++,01-01-0000,2018-11-13T22:00:36Z
JavaScript,01-01-0000,2017-09-25T20:09:03Z
JavaScript,01-01-0000,2017-03-20T10:05:48Z
JavaScript,01-01-0000,2018-07-20T09:01:06Z
R,01-01-0000,2017-05-15T16:28:07Z
Python,01-01-0000,2017-10-16T21:53:19Z
Python,01-01-0000,2014-10-20T19:12:16Z
Java,01-01-0000,2016-04-11T17:40:36Z
Java,01-01-0000,2015-10-12T13:40:48Z
Shell,01-01-0000,2017-12-13T19:42:51Z
Python,01-01-0000,2019-08-14T14:22:50Z
C,01-01-0000,2019-11-11T22:04:08Z
C++,01-01-0000,2020-07-23T19:32:55Z
HTML,01-01-0000,2015-08-07T09:05:13Z
Java,01-01-0000,2019-07-12T10:44:01Z
Java,01-01-0000,2016-12-20T02:06:51Z
Java,01-01-0000,2019-04-03T19:59:33Z
Jupyter Notebook,01-01-0000,2018-05-07T09:52:37Z
Java,01-01-0000,2015-08-04T00:29:58Z
Java,01-01-0000,2019-02-05T22:19:56Z
Python,01-01-0000,2017-05-17T20:28:59Z
TypeScript,01-01-0000,2020-05-25T00:23:15Z
Java,01-01-0000,2019-10-12T03:04:10Z
C++,01-01-0000,2014-08-26T14:59:07Z
TypeScript,01-01-0000,2018-08-13T22:07:09Z
TypeScript,01-01-0000,2017-07-14T19:48:24Z
Dart,01-01-0000,2017-09-26T05:12:44Z
Dart,01-01-0000,2013-12-12T19:03:57Z
Dart,01-01-0000,2013-07-15T18:44:24Z
Python,01-01-0000,2012-04-09T20:09:24Z
Python,01-01-0000,2018-04-25T17:48:59Z
Python,01-01-0000,2015-03-14T00:50:56Z
Python,01-01-0000,2015-02-11T23:27:13Z
JavaScript,01-01-0000,2014-10-07T22:27:32Z
JavaScript,01-01-0000,2015-08-21T21:59:55Z
Shell,01-01-0000,2015-09-08T19:22:01Z
Shell,01-01-0000,2015-08-21T21:31:01Z
Python,01-01-0000,2013-10-24T16:39:30Z
Python,01-01-0000,2020-01-13T20:47:17Z
Python,01-01-0000,2014-12-03T23:04:13Z
Dart,01-01-0000,2018-02-22T10:33:38Z
Java,01-01-0000,2016-02-18T00:21:33Z
Go,01-01-0000,2018-12-13T19:23:37Z
PHP,01-01-0000,2016-04-06T01:44:12Z
PHP,01-01-0000,2016-04-05T20:20:54Z
PHP,01-01-0000,2016-04-12T12:05:23Z
PHP,01-01-0000,2016-03-14T17:59:47Z
Java,01-01-0000,2015-04-13T20:47:49Z
Rust,01-01-0000,2020-01-30T20:19:33Z
JavaScript,01-01-0000,2019-02-12T14:45:17Z
Go,01-01-0000,2017-09-14T17:21:49Z
Python,01-01-0000,2017-02-13T20:24:16Z
Dart,01-01-0000,2015-01-23T21:53:54Z
Python,01-01-0000,2014-10-10T20:37:39Z
Shell,01-01-0000,2018-06-22T13:34:47Z
JavaScript,01-01-0000,2017-06-21T21:12:50Z
TypeScript,01-01-0000,2020-06-17T11:31:17Z
C++,01-01-0000,2018-07-06T17:19:30Z
C++,01-01-0000,2018-04-25T16:43:56Z
C++,01-01-0000,2018-10-31T20:36:35Z
HTML,01-01-0000,2018-04-25T17:47:05Z
Python,01-01-0000,2017-11-16T03:36:26Z
Python,01-01-0000,2018-09-10T17:17:08Z
JavaScript,01-01-0000,2020-07-10T08:34:30Z
Python,01-01-0000,2018-05-14T23:09:26Z
C,01-01-0000,2019-05-03T00:24:37Z
JavaScript,01-01-0000,2016-06-17T19:04:05Z
C,01-01-0000,2016-02-25T19:15:44Z
Go,01-01-0000,2019-11-19T17:03:07Z
Java,01-01-0000,2013-05-22T21:41:56Z
Rust,01-01-0000,2020-08-13T05:16:10Z
C++,01-01-0000,2014-04-01T22:37:47Z
JavaScript,01-01-0000,2017-05-01T13:02:28Z
Jupyter Notebook,01-01-0000,2020-03-12T03:52:47Z
Python,01-01-0000,2019-08-21T03:53:27Z
Ruby,01-01-0000,2012-01-23T17:13:56Z
C++,01-01-0000,2014-10-08T22:33:47Z
Go,01-01-0000,2015-08-08T03:21:52Z
Go,01-01-0000,2018-05-05T05:02:40Z
Java,01-01-0000,2017-07-05T20:13:24Z
Kotlin,01-01-0000,2019-02-11T19:23:35Z
C++,01-01-0000,2019-06-28T18:31:51Z
Go,01-01-0000,2014-06-20T21:28:26Z
Starlark,01-01-0000,2018-02-28T16:25:09Z
Python,01-01-0000,2019-04-03T16:55:39Z
Starlark,01-01-0000,2018-11-26T19:48:13Z
Verilog,01-01-0000,2017-10-05T09:06:48Z
JavaScript,01-01-0000,2016-10-20T03:12:22Z
C++,01-01-0000,2013-12-12T00:10:48Z
C++,01-01-0000,2017-06-21T16:44:58Z
C++,01-01-0000,2016-10-17T20:49:35Z
Python,01-01-0000,2019-07-29T19:36:05Z
C++,01-01-0000,2015-09-02T22:49:39Z
Java,01-01-0000,2015-08-19T12:20:24Z
Python,01-01-0000,2015-04-01T22:00:04Z
Python,01-01-0000,2017-09-20T17:39:33Z
Python,01-01-0000,2015-06-09T17:49:17Z
C++,01-01-0000,2016-11-07T17:04:01Z
JavaScript,01-01-0000,2013-10-25T21:13:33Z
Java,01-01-0000,2016-02-08T18:58:47Z
JavaScript,01-01-0000,2017-05-26T18:10:23Z
JavaScript,01-01-0000,2019-07-03T23:48:04Z
JavaScript,01-01-0000,2014-08-25T16:09:42Z
Swift,01-01-0000,2016-02-08T19:02:27Z
JavaScript,01-01-0000,2019-08-01T22:15:35Z
Shell,01-01-0000,2016-02-08T19:08:57Z
Go,01-01-0000,2018-03-05T22:21:13Z
Go,01-01-0000,2015-03-04T20:43:50Z
C,01-01-0000,2016-06-01T16:32:25Z
Shell,01-01-0000,2020-06-11T19:57:36Z
Python,01-01-0000,2014-12-12T19:58:37Z
Rust,01-01-0000,2018-11-08T00:44:47Z
C++,01-01-0000,2019-05-02T20:40:12Z
C,01-01-0000,2016-03-05T00:45:11Z
JavaScript,01-01-0000,2017-10-30T16:52:04Z
Scala,01-01-0000,2017-12-28T17:10:36Z
Go,01-01-0000,2019-08-21T17:59:50Z
Dart,01-01-0000,2015-02-11T23:42:45Z
Java,01-01-0000,2016-01-05T00:46:27Z
Python,01-01-0000,2019-07-10T06:47:40Z
JavaScript,01-01-0000,2019-07-11T03:00:51Z
C++,01-01-0000,2015-11-11T00:49:16Z
C++,01-01-0000,2016-02-29T16:14:14Z
C,01-01-0000,2014-10-09T14:35:14Z
Shell,01-01-0000,2017-03-09T22:00:48Z
C++,01-01-0000,2019-03-13T19:34:04Z
Haskell,01-01-0000,2018-04-23T17:24:27Z
Go,01-01-0000,2014-07-31T17:56:24Z
Go,01-01-0000,2018-10-05T15:57:22Z
Python,01-01-0000,2016-09-05T05:21:04Z
Shell,01-01-0000,2013-03-18T16:32:00Z
Dart,01-01-0000,2015-04-02T18:18:49Z
Dart,01-01-0000,2015-07-15T07:54:17Z
TypeScript,01-01-0000,2019-07-18T20:56:45Z
JavaScript,01-01-0000,2020-08-05T14:45:35Z
Java,01-01-0000,2018-05-04T07:24:09Z
Python,01-01-0000,2018-01-24T00:28:46Z
C++,01-01-0000,2016-02-04T13:13:40Z
Python,01-01-0000,2014-07-31T17:06:40Z
C,01-01-0000,2016-04-15T09:29:32Z
Starlark,01-01-0000,2018-05-03T05:35:22Z
Go,01-01-0000,2020-06-22T18:18:24Z
Go,01-01-0000,2014-06-09T16:36:33Z
Java,01-01-0000,2015-04-16T01:15:16Z
Go,01-01-0000,2017-05-24T17:15:36Z
R,01-01-0000,2015-06-24T20:43:14Z
Python,01-01-0000,2020-06-02T18:12:50Z
Java,01-01-0000,2015-05-19T15:28:40Z
Java,01-01-0000,2015-04-02T00:45:33Z
Go,01-01-0000,2014-08-15T18:08:05Z
Java,01-01-0000,2016-08-04T05:22:14Z
Python,01-01-0000,2019-02-06T00:09:53Z
JavaScript,01-01-0000,2014-04-28T18:48:20Z
HTML,01-01-0000,2014-10-02T19:48:05Z
Java,01-01-0000,2018-05-29T17:47:21Z
Python,01-01-0000,2015-08-04T17:25:11Z
C,01-01-0000,2013-10-03T14:41:35Z
Groff,01-01-0000,2014-05-09T15:34:05Z
C++,01-01-0000,2013-10-03T14:41:46Z
C++,01-01-0000,2017-04-19T16:13:03Z
MATLAB,01-01-0000,2013-07-18T16:28:12Z
Rust,01-01-0000,2018-02-12T15:30:52Z
HTML,01-01-0000,2018-03-20T16:28:47Z
Python,01-01-0000,2020-06-08T00:38:21Z
Dart,01-01-0000,2018-12-10T01:33:45Z
Python,01-01-0000,2018-05-17T22:39:40Z
Python,01-01-0000,2014-06-30T17:39:13Z
Python,01-01-0000,2014-10-16T20:04:13Z
Python,01-01-0000,2020-06-24T15:21:04Z
R,01-01-0000,2014-08-08T17:16:13Z
Java,01-01-0000,2018-11-14T03:01:04Z
C++,01-01-0000,2015-09-14T14:42:18Z
Java,01-01-0000,2017-03-13T22:29:59Z
C++,01-01-0000,2017-11-16T22:38:02Z
C++,01-01-0000,2018-02-15T22:25:24Z
Go,01-01-0000,2018-03-09T22:57:58Z
Go,01-01-0000,2020-02-04T21:26:04Z
Go,01-01-0000,2017-09-04T18:33:35Z
JavaScript,01-01-0000,2019-01-30T22:04:18Z
C++,01-01-0000,2014-05-20T17:03:47Z
HTML,01-01-0000,2020-03-16T09:16:14Z
Go,01-01-0000,2017-05-08T14:22:46Z
Java,01-01-0000,2016-07-21T22:17:51Z
Python,01-01-0000,2014-05-22T17:15:59Z
Go,01-01-0000,2017-11-01T21:55:06Z
TypeScript,01-01-0000,2016-01-04T22:03:13Z
JavaScript,01-01-0000,2012-08-22T15:31:48Z
Makefile,01-01-0000,2014-11-06T16:18:49Z
Dart,01-01-0000,2014-07-29T21:57:22Z
Dart,01-01-0000,2015-11-16T19:48:56Z
Dart,01-01-0000,2018-03-09T08:17:44Z
C#,01-01-0000,2017-08-13T17:33:05Z
JavaScript,01-01-0000,2017-05-04T15:28:15Z
Python,01-01-0000,2017-08-13T17:04:51Z
Python,01-01-0000,2015-10-13T17:26:48Z
Python,01-01-0000,2015-11-25T18:10:42Z
JavaScript,01-01-0000,2016-01-22T06:32:09Z
HTML,01-01-0000,2020-03-03T15:42:08Z
HTML,01-01-0000,2019-05-17T07:48:30Z
Python,01-01-0000,2017-05-08T20:12:50Z
JavaScript,01-01-0000,2015-12-05T00:39:22Z
JavaScript,01-01-0000,2014-06-16T22:27:37Z
HTML,01-01-0000,2020-02-10T20:56:48Z
JavaScript,01-01-0000,2015-04-14T09:58:30Z
Go,01-01-0000,2018-01-09T04:33:08Z
JavaScript,01-01-0000,2018-05-30T10:51:46Z
JavaScript,01-01-0000,2015-09-03T19:43:29Z
JavaScript,01-01-0000,2014-08-12T20:31:22Z
Kotlin,01-01-0000,2019-05-09T16:14:44Z
Python,01-01-0000,2020-01-21T17:14:21Z
Python,01-01-0000,2015-08-10T18:04:21Z
Shell,01-01-0000,2015-08-14T21:08:16Z
Python,01-01-0000,2016-07-28T15:27:05Z
Python,01-01-0000,2017-05-24T18:00:36Z
Haskell,01-01-0000,2015-10-26T13:57:37Z
TypeScript,01-01-0000,2017-12-05T00:34:56Z
Bison,01-01-0000,2015-03-12T00:19:53Z
C++,01-01-0000,2016-06-02T20:21:10Z
C++,01-01-0000,2016-05-25T21:03:48Z
Python,01-01-0000,2017-11-07T08:17:54Z
C++,01-01-0000,2017-04-17T23:36:06Z
Java,01-01-0000,2015-10-02T21:58:15Z
Clojure,01-01-0000,2015-06-13T03:32:54Z
JavaScript,01-01-0000,2015-11-25T19:00:10Z
Java,01-01-0000,2014-04-16T15:30:36Z
JavaScript,01-01-0000,2016-07-15T00:06:21Z
JavaScript,01-01-0000,2015-11-16T15:33:29Z
JavaScript,01-01-0000,2013-08-16T21:54:05Z
Python,01-01-0000,2015-06-17T06:34:49Z
Java,01-01-0000,2014-04-28T20:51:38Z
Java,01-01-0000,2014-04-16T15:31:58Z
TypeScript,01-01-0000,2020-03-03T19:30:05Z
Python,01-01-0000,2018-08-23T20:19:00Z
JavaScript,01-01-0000,2015-02-21T03:19:04Z
Java,01-01-0000,2015-02-21T03:19:53Z
Python,01-01-0000,2020-02-04T12:54:51Z
Python,01-01-0000,2018-12-31T23:04:46Z
Go,01-01-0000,2015-03-04T04:41:38Z
Java,01-01-0000,2015-08-24T21:48:41Z
Python,01-01-0000,2015-10-01T00:42:44Z
Go,01-01-0000,2017-06-01T22:53:40Z
C,01-01-0000,2017-07-12T14:54:18Z
TeX,01-01-0000,2015-07-29T17:52:23Z
Python,01-01-0000,2015-03-20T16:12:03Z
Scala,01-01-0000,2015-03-23T07:19:37Z
Python,01-01-0000,2019-01-29T00:19:40Z
JavaScript,01-01-0000,2019-07-01T10:17:52Z
Shell,01-01-0000,2015-12-08T17:55:32Z
OpenSCAD,01-01-0000,2015-06-15T22:53:33Z
C++,01-01-0000,2015-06-15T22:53:21Z
Java,01-01-0000,2018-11-17T02:52:15Z
Python,01-01-0000,2018-08-22T14:34:10Z
Go,01-01-0000,2017-12-08T02:18:49Z
JavaScript,01-01-0000,2016-12-04T06:36:37Z
JavaScript,01-01-0000,2017-12-07T23:56:19Z
Dart,01-01-0000,2014-10-13T21:25:47Z
JavaScript,01-01-0000,2015-06-10T08:35:05Z
Go,01-01-0000,2015-03-30T16:43:14Z
Java,01-01-0000,2019-02-08T20:35:58Z
Java,01-01-0000,2017-03-31T23:45:15Z
Java,01-01-0000,2017-07-26T19:20:56Z
Java,01-01-0000,2017-02-28T01:42:01Z
Java,01-01-0000,2018-02-06T20:30:35Z
TypeScript,01-01-0000,2019-03-29T21:32:04Z
Haskell,01-01-0000,2014-06-19T21:56:15Z
JavaScript,01-01-0000,2015-11-30T12:29:05Z
JavaScript,01-01-0000,2018-05-22T20:12:38Z
Python,01-01-0000,2018-01-03T19:42:45Z
Dart,01-01-0000,2015-03-04T04:40:11Z
TypeScript,01-01-0000,2019-07-10T20:14:25Z
C++,01-01-0000,2016-06-08T03:55:52Z
Python,01-01-0000,2014-12-08T16:42:21Z
Python,01-01-0000,2018-02-20T19:55:50Z
Java,01-01-0000,2013-08-26T21:30:13Z
Python,01-01-0000,2019-08-20T16:53:58Z
JavaScript,01-01-0000,2013-05-19T03:15:40Z
Go,01-01-0000,2017-08-02T15:10:26Z
HTML,01-01-0000,2016-11-18T19:00:29Z
Java,01-01-0000,2016-12-12T17:24:18Z
Python,01-01-0000,2017-03-09T17:22:40Z
CSS,01-01-0000,2015-06-08T22:52:16Z
Python,01-01-0000,2018-10-16T20:17:17Z
Shell,01-01-0000,2015-09-20T22:44:22Z
Java,01-01-0000,2016-09-08T16:44:40Z
Coq,01-01-0000,2018-01-18T18:36:04Z
Java,01-01-0000,2016-06-07T03:17:05Z
C++,01-01-0000,2015-11-11T16:27:21Z
JavaScript,01-01-0000,2018-01-26T16:49:45Z
JavaScript,01-01-0000,2018-02-09T23:17:32Z
JavaScript,01-01-0000,2018-01-26T16:50:21Z
JavaScript,01-01-0000,2018-01-26T16:51:56Z
JavaScript,01-01-0000,2018-01-26T16:51:23Z
Python,01-01-0000,2017-09-08T22:21:03Z
C++,01-01-0000,2018-09-17T21:59:20Z
Python,01-01-0000,2015-01-09T22:53:47Z
Python,01-01-0000,2014-08-25T19:08:42Z
Python,01-01-0000,2015-04-02T00:34:04Z
Python,01-01-0000,2014-08-13T20:12:06Z
Shell,01-01-0000,2014-08-25T19:10:28Z
Python,01-01-0000,2013-11-07T17:58:50Z
Emacs Lisp,01-01-0000,2015-10-23T03:05:20Z
C++,01-01-0000,2019-08-16T19:00:19Z
C++,01-01-0000,2019-05-30T22:20:08Z
HTML,01-01-0000,2018-08-15T19:59:21Z
C++,01-01-0000,2017-01-13T10:23:52Z
C++,01-01-0000,2013-01-23T14:45:32Z
C++,01-01-0000,2019-11-08T21:57:13Z
C++,01-01-0000,2020-05-12T02:15:05Z
C,01-01-0000,2018-01-31T13:44:50Z
Python,01-01-0000,2014-07-31T16:28:54Z
C++,01-01-0000,2017-08-04T17:15:20Z
Dart,01-01-0000,2017-05-08T21:52:15Z
Dart,01-01-0000,2020-03-06T01:53:38Z
Java,01-01-0000,2020-06-17T07:35:30Z
HTML,01-01-0000,2017-06-29T03:40:57Z
TypeScript,01-01-0000,2019-08-21T07:28:37Z
Go,01-01-0000,2017-05-24T18:38:07Z
Go,01-01-0000,2019-03-22T22:19:22Z
JavaScript,01-01-0000,2015-10-20T14:36:37Z
Python,01-01-0000,2018-06-27T09:01:33Z
C,01-01-0000,2014-05-27T16:57:31Z
C++,01-01-0000,2017-11-21T04:21:32Z
Shell,01-01-0000,2015-03-15T11:48:13Z
JavaScript,01-01-0000,2013-01-02T18:41:23Z
JavaScript,01-01-0000,2016-10-14T14:41:41Z
Python,01-01-0000,2012-09-14T23:38:23Z
HTML,01-01-0000,2017-03-14T10:15:56Z
HTML,01-01-0000,2018-06-23T07:44:56Z
Go,01-01-0000,2014-05-22T17:16:56Z
Python,01-01-0000,2016-06-02T16:44:22Z
C++,01-01-0000,2020-04-14T08:11:28Z
JavaScript,01-01-0000,2020-04-21T18:39:18Z
Python,01-01-0000,2019-08-09T06:20:02Z
Shell,01-01-0000,2015-03-04T04:43:53Z
TeX,01-01-0000,2012-10-30T17:24:01Z
C++,01-01-0000,2019-03-15T03:28:09Z
Java,01-01-0000,2013-02-01T23:14:14Z
JavaScript,01-01-0000,2017-11-18T03:11:39Z
C,01-01-0000,2020-07-17T21:43:46Z
Dart,01-01-0000,2020-02-24T22:58:59Z
Dart,01-01-0000,2013-05-22T15:40:25Z
Dart,01-01-0000,2015-04-02T18:16:53Z
Emacs Lisp,01-01-0000,2014-07-16T21:02:21Z
Dart,01-01-0000,2013-07-25T17:20:24Z
C++,01-01-0000,2015-08-19T19:20:33Z
C++,01-01-0000,2015-08-19T19:19:22Z
Dart,01-01-0000,2015-10-19T13:48:09Z
Dart,01-01-0000,2014-11-11T18:28:47Z
Dart,01-01-0000,2019-03-22T08:43:13Z
Dart,01-01-0000,2015-10-19T13:24:15Z
Dart,01-01-0000,2014-11-11T18:29:09Z
Dart,01-01-0000,2013-08-22T16:06:15Z
Dart,01-01-0000,2013-09-11T23:03:16Z
Dart,01-01-0000,2014-02-14T23:51:30Z
Java,01-01-0000,2016-09-26T19:54:38Z
Dart,01-01-0000,2019-06-03T18:12:57Z
Dart,01-01-0000,2018-02-22T10:34:48Z
Jupyter Notebook,01-01-0000,2018-03-01T17:36:01Z
JavaScript,01-01-0000,2013-07-17T20:20:30Z
Java,01-01-0000,2018-01-04T21:27:57Z
JavaScript,01-01-0000,2017-07-27T09:50:07Z
JavaScript,01-01-0000,2018-04-18T01:41:37Z
JavaScript,01-01-0000,2018-07-27T13:45:15Z
JavaScript,01-01-0000,2018-04-18T01:49:44Z
Python,01-01-0000,2017-06-08T08:24:08Z
JavaScript,01-01-0000,2017-12-20T14:17:47Z
Python,01-01-0000,2018-03-12T17:42:50Z
C++,01-01-0000,2014-06-12T23:27:39Z
Python,01-01-0000,2017-11-23T01:56:22Z
Java,01-01-0000,2015-03-16T20:00:12Z
C++,01-01-0000,2016-09-15T17:35:26Z
Python,01-01-0000,2019-08-28T15:29:45Z
Go,01-01-0000,2016-02-11T01:04:24Z
Java,01-01-0000,2018-03-13T20:51:09Z
JavaScript,01-01-0000,2018-01-30T03:46:15Z
C++,01-01-0000,2018-05-15T16:21:07Z
Shell,01-01-0000,2017-08-09T00:24:48Z
Shell,01-01-0000,2017-08-09T00:25:16Z
Ruby,01-01-0000,2013-04-18T23:56:48Z
Java,01-01-0000,2017-07-25T21:59:22Z
Java,01-01-0000,2017-08-14T17:13:37Z
JavaScript,01-01-0000,2013-01-02T18:40:19Z
Go,01-01-0000,2019-02-13T04:26:53Z
Python,01-01-0000,2020-03-29T23:57:36Z
JavaScript,01-01-0000,2018-01-26T16:52:29Z
Python,01-01-0000,2018-01-23T19:42:02Z
Python,01-01-0000,2018-01-23T19:31:50Z
Go,01-01-0000,2019-09-04T13:04:15Z
PureBasic,01-01-0000,2015-09-02T20:10:29Z
Python,01-01-0000,2020-02-14T17:57:23Z
C++,01-01-0000,2017-10-31T19:21:55Z
C++,01-01-0000,2017-03-21T16:33:09Z
Makefile,01-01-0000,2019-12-02T21:36:23Z
Shell,01-01-0000,2019-06-13T13:45:09Z
Python,01-01-0000,2018-02-22T16:33:27Z
Python,01-01-0000,2018-03-13T15:30:50Z
Go,01-01-0000,2017-11-06T11:08:31Z
Python,01-01-0000,2018-05-16T08:11:59Z
Go,01-01-0000,2015-10-18T19:23:41Z
HTML,01-01-0000,2018-10-15T20:59:47Z
HTML,01-01-0000,2018-10-15T20:44:11Z
Kotlin,01-01-0000,2018-08-24T16:59:25Z
HTML,01-01-0000,2019-12-29T10:54:06Z
Java,01-01-0000,2014-06-19T17:52:23Z
Jupyter Notebook,01-01-0000,2018-07-26T09:58:36Z
JavaScript,01-01-0000,2016-04-26T17:58:50Z
Python,01-01-0000,2015-07-06T15:02:49Z
C++,01-01-0000,2014-10-18T12:48:15Z
Python,01-01-0000,2013-07-19T02:51:39Z
Python,01-01-0000,2020-06-24T08:35:11Z
C++,01-01-0000,2016-12-05T20:14:02Z
Go,01-01-0000,2020-04-28T20:46:19Z
Python,01-01-0000,2019-07-09T02:50:23Z
Go,01-01-0000,2016-07-01T18:17:42Z
HTML,01-01-0000,2017-02-17T19:13:33Z
JavaScript,01-01-0000,2017-08-31T01:55:38Z
Python,01-01-0000,2018-12-20T21:36:48Z
C,01-01-0000,2016-10-10T18:19:19Z
JavaScript,01-01-0000,2016-09-06T18:22:24Z
JavaScript,01-01-0000,2020-07-31T15:40:12Z
JavaScript,01-01-0000,2020-03-03T05:53:52Z
Jupyter Notebook,01-01-0000,2020-06-16T15:09:21Z
JavaScript,01-01-0000,2020-07-16T15:43:54Z
JavaScript,01-01-0000,2020-02-10T09:11:32Z
Protocol Buffer,01-01-0000,2016-05-31T19:18:58Z
TypeScript,01-01-0000,2018-06-19T18:09:47Z
Python,01-01-0000,2019-04-11T19:04:04Z
Objective-C,01-01-0000,2016-02-04T17:55:29Z
JavaScript,01-01-0000,2015-04-22T00:36:55Z
JavaScript,01-01-0000,2019-08-05T21:42:11Z
C++,01-01-0000,2017-03-20T21:40:53Z
Shell,01-01-0000,2019-08-29T23:00:59Z
JavaScript,01-01-0000,2017-11-08T22:53:06Z
Java,01-01-0000,2015-03-17T05:21:52Z
Java,01-01-0000,2017-03-01T00:07:43Z
Go,01-01-0000,2015-10-08T13:04:02Z
Python,01-01-0000,2014-09-30T18:25:22Z
C++,01-01-0000,2020-04-16T21:36:40Z
Python,01-01-0000,2017-03-17T16:45:33Z
C,01-01-0000,2015-06-26T10:58:02Z
Go,01-01-0000,2017-04-26T18:31:04Z
Objective-C,01-01-0000,2018-05-31T17:22:32Z
Jupyter Notebook,01-01-0000,2019-08-07T18:01:40Z
C++,01-01-0000,2017-04-21T21:24:53Z
C++,01-01-0000,2019-12-12T18:28:29Z
Go,01-01-0000,2016-09-27T03:13:03Z
Java,01-01-0000,2017-05-17T22:39:36Z
HTML,01-01-0000,2018-07-03T16:17:20Z
C++,01-01-0000,2014-11-04T17:39:02Z
C++,01-01-0000,2012-09-17T17:02:46Z
Python,01-01-0000,2019-11-27T23:30:50Z
Python,01-01-0000,2019-08-01T00:30:02Z
JavaScript,01-01-0000,2019-11-18T21:06:14Z
JavaScript,01-01-0000,2015-09-16T23:18:41Z
Go,01-01-0000,2019-06-28T08:51:18Z
TypeScript,01-01-0000,2018-03-22T17:39:48Z
C,01-01-0000,2019-01-24T09:37:36Z
Python,01-01-0000,2015-06-02T20:15:19Z
HTML,01-01-0000,2020-03-16T22:34:18Z
Jupyter Notebook,01-01-0000,2019-02-01T19:06:00Z
C++,01-01-0000,2016-12-01T17:42:10Z
Python,01-01-0000,2015-02-11T23:38:57Z
JavaScript,01-01-0000,2014-10-07T20:39:09Z
Jupyter Notebook,01-01-0000,2017-08-10T20:49:07Z
TypeScript,01-01-0000,2017-03-31T17:56:35Z
Jupyter Notebook,01-01-0000,2017-02-07T19:26:27Z
Python,01-01-0000,2015-06-03T17:34:19Z
Dart,01-01-0000,2013-01-19T00:31:37Z
JavaScript,01-01-0000,2014-08-04T21:30:40Z
Java,01-01-0000,2014-08-21T23:26:50Z
Java,01-01-0000,2014-08-27T21:50:12Z
Java,01-01-0000,2018-04-20T22:26:30Z
JavaScript,01-01-0000,2017-05-05T19:04:57Z
JavaScript,01-01-0000,2015-11-02T12:58:29Z
C++,01-01-0000,2016-09-14T17:41:21Z
C#,01-01-0000,2020-05-26T17:55:49Z
Rust,01-01-0000,2018-09-25T10:19:22Z
TypeScript,01-01-0000,2017-03-04T16:38:26Z
Kotlin,01-01-0000,2020-02-28T00:08:30Z
JavaScript,01-01-0000,2016-10-28T18:39:36Z
C++,01-01-0000,2016-12-16T13:52:42Z
Java,01-01-0000,2014-06-13T21:19:18Z
Java,01-01-0000,2020-05-04T15:30:21Z
Java,01-01-0000,2020-07-16T17:36:18Z
Go,01-01-0000,2020-04-29T23:03:36Z
Go,01-01-0000,2020-05-28T21:11:59Z
Python,01-01-0000,2019-02-15T00:34:52Z
JavaScript,01-01-0000,2014-01-21T16:38:51Z
JavaScript,01-01-0000,2017-01-17T17:54:24Z
JavaScript,01-01-0000,2014-02-19T17:49:51Z
Rust,01-01-0000,2017-01-13T19:46:21Z
C++,01-01-0000,2015-08-14T21:01:50Z
R,01-01-0000,2018-08-14T00:24:24Z
C++,01-01-0000,2018-02-27T20:58:04Z
Kotlin,01-01-0000,2018-06-08T18:08:51Z
Java,01-01-0000,2014-01-23T21:54:20Z
Ruby,01-01-0000,2014-01-23T21:53:23Z
Go,01-01-0000,2017-01-13T21:41:13Z
Java,01-01-0000,2015-08-06T16:43:03Z
MATLAB,01-01-0000,2017-07-26T16:14:14Z
Python,01-01-0000,2017-11-10T19:13:38Z
C++,01-01-0000,2018-01-10T04:54:52Z
C++,01-01-0000,2019-11-14T21:13:32Z
C++,01-01-0000,2019-03-26T23:28:19Z
C++,01-01-0000,2018-08-03T17:26:00Z
C,01-01-0000,2015-01-13T05:47:11Z
Dart,01-01-0000,2017-01-25T23:26:29Z
Dart,01-01-0000,2014-07-10T01:46:03Z
C++,01-01-0000,2012-10-30T17:24:17Z
Java,01-01-0000,2014-09-17T16:22:46Z
Python,01-01-0000,2013-03-27T23:20:35Z
C++,01-01-0000,2014-05-19T18:33:01Z
C++,01-01-0000,2015-11-18T02:55:27Z
Python,01-01-0000,2020-01-10T09:48:37Z
Go,01-01-0000,2017-11-21T15:38:49Z
Rust,01-01-0000,2020-03-18T11:53:54Z
Kotlin,01-01-0000,2016-05-04T08:11:22Z
Python,01-01-0000,2018-09-13T03:15:27Z
Java,01-01-0000,2018-04-12T16:52:52Z
JavaScript,01-01-0000,2020-05-29T17:32:07Z
TSQL,01-01-0000,2019-10-31T18:47:54Z
Lua,01-01-0000,2016-11-21T18:33:10Z
Dart,01-01-0000,2016-02-19T14:11:11Z
C++,01-01-0000,2018-02-14T00:41:16Z
Dart,01-01-0000,2019-02-14T22:36:19Z
Dart,01-01-0000,2018-02-26T05:45:41Z
Dart,01-01-0000,2018-02-26T05:19:26Z
Dart,01-01-0000,2016-06-21T00:58:40Z
Dart,01-01-0000,2019-09-05T03:46:04Z
Go,01-01-0000,2016-08-12T23:57:18Z
HTML,01-01-0000,2015-02-11T23:34:54Z
Python,01-01-0000,2013-09-25T15:34:01Z
Gosu,01-01-0000,2014-08-06T21:20:51Z
JavaScript,01-01-0000,2018-07-10T20:56:06Z
C,01-01-0000,2016-10-10T18:21:25Z
C++,01-01-0000,2015-11-18T02:59:01Z
Python,01-01-0000,2014-10-13T21:31:41Z
Java,01-01-0000,2020-06-18T18:44:41Z
Java,01-01-0000,2019-11-28T00:00:29Z
PHP,01-01-0000,2015-09-30T17:33:54Z
C++,01-01-0000,2014-06-16T20:43:26Z
Go,01-01-0000,2017-07-12T17:52:15Z
C,01-01-0000,2017-07-05T23:54:20Z
Go,01-01-0000,2018-12-17T12:33:36Z
C++,01-01-0000,2018-08-09T01:19:38Z
Objective-C,01-01-0000,2018-01-19T02:49:58Z
JavaScript,01-01-0000,2017-05-19T15:07:51Z
Go,01-01-0000,2017-02-03T00:15:35Z
C++,01-01-0000,2020-03-08T08:54:26Z
TypeScript,01-01-0000,2019-08-07T16:36:46Z
TypeScript,01-01-0000,2019-08-07T16:37:42Z
Python,01-01-0000,2020-02-04T02:22:18Z
C,01-01-0000,2016-10-07T05:32:34Z
C++,01-01-0000,2019-04-16T20:35:13Z
Dart,01-01-0000,2013-11-11T19:43:54Z
Python,01-01-0000,2014-08-27T19:21:51Z
Python,01-01-0000,2020-02-25T10:28:02Z
C++,01-01-0000,2018-04-30T17:11:42Z
Go,01-01-0000,2017-02-14T11:18:43Z
Java,01-01-0000,2015-03-17T21:36:56Z
Python,01-01-0000,2019-12-18T17:40:33Z
Java,01-01-0000,2015-04-06T23:13:12Z
Objective-C,01-01-0000,2015-04-21T20:50:07Z
HTML,01-01-0000,2014-12-18T21:42:15Z
JavaScript,01-01-0000,2016-10-06T13:58:02Z
C++,01-01-0000,2015-07-06T21:15:00Z
Python,01-01-0000,2017-08-30T17:11:09Z
JavaScript,01-01-0000,2015-03-11T21:33:47Z
JavaScript,01-01-0000,2020-08-04T17:40:43Z
Python,01-01-0000,2017-11-07T15:23:01Z
R,01-01-0000,2017-03-21T15:31:57Z
JavaScript,01-01-0000,2016-10-18T15:58:40Z
Go,01-01-0000,2019-05-14T10:24:34Z
C++,01-01-0000,2020-06-08T13:29:45Z
Shell,01-01-0000,2019-10-16T09:14:47Z
Shell,01-01-0000,2019-10-16T09:14:49Z
Shell,01-01-0000,2019-10-16T09:14:50Z
Shell,01-01-0000,2019-10-16T09:14:51Z
Shell,01-01-0000,2019-10-16T09:14:53Z
Shell,01-01-0000,2019-10-08T13:02:41Z
Shell,01-01-0000,2019-10-16T09:14:54Z
Python,01-01-0000,2013-09-18T17:44:34Z
Python,01-01-0000,2013-10-30T23:57:06Z
Haskell,01-01-0000,2019-07-09T20:51:54Z
Python,01-01-0000,2018-06-14T15:11:45Z
Python,01-01-0000,2018-10-23T14:49:54Z
Python,01-01-0000,2018-06-27T20:21:12Z
C++,01-01-0000,2014-01-21T16:58:45Z
Go,01-01-0000,2015-08-21T21:30:23Z
Java,01-01-0000,2015-11-06T19:27:12Z
HTML,01-01-0000,2016-06-07T01:00:07Z
Python,01-01-0000,2020-07-20T17:24:03Z
Python,01-01-0000,2019-02-05T20:55:43Z
Go,01-01-0000,2015-08-21T21:27:13Z
Shell,01-01-0000,2018-04-11T00:22:41Z
Go,01-01-0000,2016-02-04T22:42:29Z
Python,01-01-0000,2020-01-07T01:01:11Z
Shell,01-01-0000,2018-01-29T18:27:36Z
Rust,01-01-0000,2020-06-02T18:14:05Z
Dart,01-01-0000,2014-10-13T21:09:08Z
JavaScript,01-01-0000,2016-11-03T21:21:06Z
Python,01-01-0000,2020-03-04T11:22:49Z
Java,01-01-0000,2016-11-29T19:41:22Z
Go,01-01-0000,2018-06-19T22:13:44Z
C++,01-01-0000,2014-08-25T16:11:41Z
Python,01-01-0000,2012-09-10T18:00:49Z
R,01-01-0000,2014-07-17T22:14:02Z
Python,01-01-0000,2017-01-23T15:30:21Z
R,01-01-0000,2014-07-17T22:12:53Z
C++,01-01-0000,2015-02-23T06:55:48Z
C,01-01-0000,2020-04-24T20:47:27Z
Python,01-01-0000,2015-05-12T19:47:23Z
JavaScript,01-01-0000,2015-03-11T22:28:45Z
Go,01-01-0000,2017-09-26T08:19:41Z
Go,01-01-0000,2019-03-28T19:42:16Z
Go,01-01-0000,2019-01-28T21:51:54Z
Go,01-01-0000,2016-08-03T04:08:52Z
Go,01-01-0000,2018-03-21T22:57:26Z
Go,01-01-0000,2019-09-03T16:02:51Z
Go,01-01-0000,2017-07-07T19:28:22Z
Go,01-01-0000,2018-03-14T18:02:49Z
Go,01-01-0000,2019-11-19T20:36:30Z
Go,01-01-0000,2020-04-28T23:25:29Z
Go,01-01-0000,2013-05-24T16:42:58Z
Go,01-01-0000,2017-10-18T00:54:10Z
Go,01-01-0000,2016-02-19T01:07:55Z
Go,01-01-0000,2019-11-12T10:37:11Z
Go,01-01-0000,2019-06-12T18:48:29Z
Go,01-01-0000,2017-05-24T18:37:24Z
Go,01-01-0000,2018-06-29T21:17:37Z
Go,01-01-0000,2020-06-02T18:08:16Z
Go,01-01-0000,2020-06-02T18:21:21Z
Go,01-01-0000,2013-09-10T19:26:51Z
Go,01-01-0000,2019-06-05T21:39:37Z
Go,01-01-0000,2020-05-19T08:30:35Z
Go,01-01-0000,2020-06-24T10:57:44Z
Go,01-01-0000,2019-04-11T15:43:18Z
Go,01-01-0000,2017-10-02T18:43:16Z
Go,01-01-0000,2014-08-13T19:53:34Z
C,01-01-0000,2018-12-16T07:10:09Z
Go,01-01-0000,2018-02-03T00:40:28Z
Go,01-01-0000,2015-11-10T21:22:07Z
Go,01-01-0000,2014-10-29T15:39:52Z
Go,01-01-0000,2018-11-07T11:48:59Z
Go,01-01-0000,2020-04-24T18:43:32Z
Go,01-01-0000,2019-07-31T21:56:51Z
Go,01-01-0000,2015-06-05T17:22:55Z
Go,01-01-0000,2016-07-01T16:18:50Z
Go,01-01-0000,2017-04-24T02:11:39Z
Go,01-01-0000,2014-07-29T16:00:41Z
Go,01-01-0000,2014-07-31T16:21:29Z
Go,01-01-0000,2015-05-22T21:49:34Z
Go,01-01-0000,2017-12-18T18:25:37Z
Go,01-01-0000,2016-11-17T19:50:26Z
Go,01-01-0000,2016-03-01T18:14:21Z
C++,01-01-0000,2013-05-07T16:55:36Z
Java,01-01-0000,2015-01-23T19:25:37Z
CSS,01-01-0000,2014-12-11T05:39:35Z
Objective-C,01-01-0000,2016-04-28T12:54:23Z
Python,01-01-0000,2015-03-12T20:27:00Z
Java,01-01-0000,2014-10-08T17:54:27Z
Java,01-01-0000,2014-10-08T17:54:05Z
C,01-01-0000,2016-11-08T21:07:24Z
Go,01-01-0000,2018-04-27T15:56:03Z
C,01-01-0000,2017-03-13T20:22:14Z
C#,01-01-0000,2015-01-23T19:28:21Z
C++,01-01-0000,2015-03-25T19:58:55Z
C#,01-01-0000,2015-09-06T18:17:00Z
Ruby,01-01-0000,2015-12-04T22:33:03Z
JavaScript,01-01-0000,2014-09-05T05:11:04Z
Java,01-01-0000,2015-05-11T20:38:28Z
JavaScript,01-01-0000,2019-08-20T20:46:35Z
Python,01-01-0000,2018-01-18T17:47:36Z
Objective-C,01-01-0000,2015-04-21T21:43:36Z
Java,01-01-0000,2015-05-05T18:12:44Z
Python,01-01-0000,2015-05-05T18:26:03Z
HTML,01-01-0000,2013-02-27T16:21:19Z
Python,01-01-0000,2014-03-17T20:47:29Z
JavaScript,01-01-0000,2015-06-18T16:09:28Z
Go,01-01-0000,2019-07-12T18:03:14Z
C++,01-01-0000,2015-07-28T15:07:53Z
Java,01-01-0000,2012-07-16T19:34:08Z
Go,01-01-0000,2015-03-16T20:46:00Z
Go,01-01-0000,2016-11-10T23:49:31Z
Shell,01-01-0000,2016-04-21T03:27:07Z
Go,01-01-0000,2015-10-19T16:53:09Z
Go,01-01-0000,2017-05-05T16:33:20Z
Python,01-01-0000,2019-03-06T14:47:57Z
Java,01-01-0000,2016-09-03T01:06:41Z
Python,01-01-0000,2020-02-21T08:06:07Z
Go,01-01-0000,2019-11-19T08:46:58Z
C++,01-01-0000,2017-12-13T18:38:30Z
Python,01-01-0000,2018-07-24T20:31:27Z
C++,01-01-0000,2019-12-17T18:09:31Z
Java,01-01-0000,2013-12-19T18:36:53Z
Python,01-01-0000,2018-08-03T17:32:37Z
C,01-01-0000,2018-09-07T19:26:16Z
Java,01-01-0000,2018-09-24T16:31:05Z
Python,01-01-0000,2019-01-29T22:16:36Z
TypeScript,01-01-0000,2019-04-16T21:47:03Z
Dart,01-01-0000,2013-10-01T16:14:32Z
C++,01-01-0000,2018-03-28T13:17:18Z
Java,01-01-0000,2018-04-02T15:51:24Z
TypeScript,01-01-0000,2018-04-25T15:33:26Z
Kotlin,01-01-0000,2019-08-08T22:41:07Z
Python,01-01-0000,2013-12-04T00:17:53Z
Python,01-01-0000,2014-02-20T17:46:08Z
Go,01-01-0000,2017-06-15T08:42:49Z
Go,01-01-0000,2017-06-22T08:54:30Z
Go,01-01-0000,2016-12-21T17:49:01Z
Python,01-01-0000,2014-08-29T19:55:01Z
Objective-C,01-01-0000,2019-02-27T22:10:27Z
CSS,01-01-0000,2017-09-27T20:28:23Z
Java,01-01-0000,2015-03-19T18:21:20Z
Visual Basic,01-01-0000,2015-04-29T12:40:20Z
Shell,01-01-0000,2017-09-20T17:05:03Z
Python,01-01-0000,2014-05-15T16:13:51Z
JavaScript,01-01-0000,2018-07-10T17:32:16Z
Objective-C,01-01-0000,2015-04-16T00:24:51Z
Objective-C,01-01-0000,2015-04-21T21:16:00Z
Objective-C,01-01-0000,2015-08-11T18:57:29Z
Objective-C,01-01-0000,2015-08-11T18:27:59Z
Objective-C,01-01-0000,2016-08-08T21:42:48Z
Objective-C,01-01-0000,2019-01-20T17:26:05Z
TypeScript,01-01-0000,2017-07-31T20:32:29Z
Objective-C,01-01-0000,2018-03-20T21:07:29Z
Java,01-01-0000,2014-05-29T16:23:17Z
Java,01-01-0000,2017-11-06T17:15:40Z
JavaScript,01-01-0000,2020-02-21T01:28:52Z
C++,01-01-0000,2016-10-21T15:13:18Z
Java,01-01-0000,2014-05-28T23:18:53Z
Java,01-01-0000,2018-02-21T17:55:19Z
Java,01-01-0000,2016-02-10T00:52:20Z
JavaScript,01-01-0000,2018-12-10T21:21:11Z
Python,01-01-0000,2017-09-18T18:50:09Z
HTML,01-01-0000,2013-08-02T18:33:38Z
Go,01-01-0000,2018-04-26T21:28:49Z
Go,01-01-0000,2018-12-04T08:50:34Z
HTML,01-01-0000,2019-03-30T02:26:28Z
Java,01-01-0000,2015-03-10T19:41:02Z
Java,01-01-0000,2013-05-07T21:27:59Z
Java,01-01-0000,2013-05-07T21:27:35Z
Go,01-01-0000,2015-03-16T17:12:37Z
JavaScript,01-01-0000,2019-01-15T18:03:29Z
Python,01-01-0000,2017-11-13T21:43:57Z
JavaScript,01-01-0000,2020-06-08T06:14:31Z
Shell,01-01-0000,2019-02-01T02:06:16Z
C++,01-01-0000,2015-03-25T19:53:47Z
Jupyter Notebook,01-01-0000,2018-07-18T17:34:11Z
Haskell,01-01-0000,2017-05-27T05:39:45Z
Haskell,01-01-0000,2019-01-23T10:10:14Z
Rust,01-01-0000,2014-08-27T19:08:49Z
Python,01-01-0000,2016-09-12T17:49:01Z
Java,01-01-0000,2014-05-06T19:33:34Z
HTML,01-01-0000,2018-01-24T22:07:21Z
Java,01-01-0000,2017-11-03T22:08:52Z
Go,01-01-0000,2017-04-27T22:26:27Z
Shell,01-01-0000,2016-08-19T17:44:56Z
C++,01-01-0000,2019-09-06T12:41:23Z
C++,01-01-0000,2016-02-17T16:29:40Z
Go,01-01-0000,2015-08-06T15:50:00Z
Ruby,01-01-0000,2015-11-19T22:18:13Z
Ruby,01-01-0000,2015-11-05T01:33:08Z
C,01-01-0000,2015-05-07T15:43:01Z
C++,01-01-0000,2016-02-17T07:20:39Z
Perl,01-01-0000,2016-02-22T19:59:22Z
Python,01-01-0000,2018-07-18T07:27:23Z
Go,01-01-0000,2019-04-11T21:04:42Z
C++,01-01-0000,2020-08-06T21:53:40Z
Java,01-01-0000,2015-12-14T02:43:42Z
Go,01-01-0000,2020-01-23T18:17:32Z
Haskell,01-01-0000,2020-01-06T21:04:42Z
CSS,01-01-0000,2018-12-03T22:25:08Z
Ruby,01-01-0000,2018-12-13T23:18:09Z
JavaScript,01-01-0000,2013-06-25T20:53:06Z
Go,01-01-0000,2015-11-18T13:43:08Z
JavaScript,01-01-0000,2018-01-10T18:16:14Z
Go,01-01-0000,2017-05-19T15:47:28Z
Python,01-01-0000,2015-03-23T23:58:05Z
Python,01-01-0000,2018-04-05T23:32:29Z
Java,01-01-0000,2014-11-25T17:30:38Z
CMake,01-01-0000,2017-11-30T15:53:01Z
Kotlin,01-01-0000,2020-04-28T00:47:04Z
Go,01-01-0000,2018-07-19T09:37:28Z
Go,01-01-0000,2014-09-30T00:40:58Z
Java,01-01-0000,2014-09-12T17:28:10Z
JavaScript,01-01-0000,2014-11-01T22:41:13Z
PHP,01-01-0000,2014-09-12T17:29:22Z
Python,01-01-0000,2014-09-12T17:28:53Z
Ruby,01-01-0000,2014-09-12T17:29:43Z
Idris,01-01-0000,2016-07-15T00:20:12Z
C++,01-01-0000,2019-07-29T17:04:29Z
Java,01-01-0000,2017-11-16T15:32:15Z
C++,01-01-0000,2015-11-13T00:22:12Z
Go,01-01-0000,2018-03-07T23:56:04Z
Python,01-01-0000,2015-10-19T14:34:13Z
Python,01-01-0000,2018-02-28T18:40:33Z
Python,01-01-0000,2017-12-11T22:54:28Z
TypeScript,01-01-0000,2015-06-11T20:15:03Z
JavaScript,01-01-0000,2016-11-08T02:43:19Z
JavaScript,01-01-0000,2016-11-11T20:28:09Z
C++,01-01-0000,2014-08-25T19:13:21Z
Java,01-01-0000,2017-03-05T23:09:45Z
Java,01-01-0000,2019-06-18T14:42:43Z
Dart,01-01-0000,2018-03-13T16:04:28Z
C++,01-01-0000,2019-07-08T17:40:50Z
JavaScript,01-01-0000,2017-05-23T17:03:00Z
JavaScript,01-01-0000,2014-01-10T22:46:57Z
Jupyter Notebook,01-01-0000,2018-02-01T09:46:36Z
Java,01-01-0000,2015-11-19T22:15:43Z
Kotlin,01-01-0000,2020-07-13T15:37:36Z
Java,01-01-0000,2019-08-08T19:54:10Z
TypeScript,01-01-0000,2019-01-15T21:49:16Z
Go,01-01-0000,2017-08-04T16:57:41Z
Python,01-01-0000,2015-06-09T18:50:43Z
C++,01-01-0000,2016-01-25T23:13:46Z
Objective-C,01-01-0000,2017-05-23T23:36:49Z
Java,01-01-0000,2017-07-31T14:10:55Z
C,01-01-0000,2013-02-12T19:08:19Z
Kotlin,01-01-0000,2014-04-01T22:40:40Z
Swift,01-01-0000,2018-05-25T18:10:33Z
C++,01-01-0000,2020-02-19T07:33:43Z
JavaScript,01-01-0000,2014-12-01T17:49:09Z
HTML,01-01-0000,2016-01-14T06:05:46Z
Python,01-01-0000,2015-03-18T23:09:53Z
C++,01-01-0000,2019-09-12T20:57:39Z
Processing,01-01-0000,2015-03-13T05:08:22Z
Python,01-01-0000,2019-12-17T19:04:11Z
Python,01-01-0000,2019-12-17T19:04:12Z
Python,01-01-0000,2019-12-17T19:04:14Z
Java,01-01-0000,2017-06-20T09:53:52Z
JavaScript,01-01-0000,2020-01-09T18:25:42Z
Java,01-01-0000,2014-01-30T20:19:56Z
Python,01-01-0000,2015-04-22T19:37:28Z
C,01-01-0000,2015-10-22T16:48:49Z
Java,01-01-0000,2018-02-09T18:45:56Z
Python,01-01-0000,2019-11-07T13:00:32Z
Java,01-01-0000,2017-12-13T17:22:46Z
Java,01-01-0000,2018-08-29T00:57:49Z
Java,01-01-0000,2015-06-09T17:41:48Z
Java,01-01-0000,2014-08-29T18:39:41Z
Python,01-01-0000,2018-10-25T21:25:02Z
Jupyter Notebook,01-01-0000,2019-05-13T21:03:37Z
Java,01-01-0000,2013-10-21T14:39:27Z
OpenEdge ABL,01-01-0000,2017-12-06T00:39:10Z
TypeScript,01-01-0000,2017-12-21T17:15:27Z
JavaScript,01-01-0000,2014-05-12T21:53:24Z
JavaScript,01-01-0000,2015-03-04T11:33:08Z
Java,01-01-0000,2019-07-24T20:31:28Z
Java,01-01-0000,2019-09-18T17:18:42Z
Java,01-01-0000,2017-11-10T19:19:52Z
Java,01-01-0000,2017-05-12T23:30:16Z
HTML,01-01-0000,2015-04-22T19:25:16Z
Rust,01-01-0000,2020-04-22T18:45:13Z
Go,01-01-0000,2015-07-06T17:40:39Z
Jsonnet,01-01-0000,2014-08-01T20:29:12Z
Java,01-01-0000,2015-03-13T06:57:29Z
Dart,01-01-0000,2017-07-18T20:48:49Z
Python,01-01-0000,2018-06-15T15:53:21Z
C++,01-01-0000,2018-04-26T17:31:54Z
C,01-01-0000,2016-09-20T08:14:32Z
Python,01-01-0000,2018-05-22T15:41:37Z
C++,01-01-0000,2015-07-03T19:14:40Z
Shell,01-01-0000,2020-02-24T20:07:56Z
Go,01-01-0000,2018-09-05T02:27:13Z
Elm,01-01-0000,2017-01-10T20:05:30Z
Go,01-01-0000,2015-06-09T23:55:20Z
Java,01-01-0000,2017-08-08T14:11:14Z
Go,01-01-0000,2019-04-30T18:34:38Z
Go,01-01-0000,2020-04-23T22:51:17Z
Lasso,01-01-0000,2014-11-20T17:46:29Z
Java,01-01-0000,2017-01-25T19:27:46Z
C,01-01-0000,2019-06-21T21:42:04Z
C,01-01-0000,2017-05-02T14:20:30Z
Go,01-01-0000,2019-01-28T18:12:21Z
JavaScript,01-01-0000,2020-07-29T15:02:29Z
C++,01-01-0000,2018-03-08T10:06:34Z
Go,01-01-0000,2019-03-21T19:24:01Z
Kotlin,01-01-0000,2019-11-06T03:19:19Z
JavaScript,01-01-0000,2013-03-04T22:52:33Z
C,01-01-0000,2014-08-04T21:26:17Z
HTML,01-01-0000,2018-08-29T18:15:59Z
C,01-01-0000,2014-09-03T23:53:32Z
JavaScript,01-01-0000,2016-02-11T21:51:23Z
Python,01-01-0000,2014-04-23T21:24:23Z
C++,01-01-0000,2015-09-09T19:59:20Z
JavaScript,01-01-0000,2020-07-01T06:39:48Z
JavaScript,01-01-0000,2015-09-11T17:51:00Z
C,01-01-0000,2013-04-27T00:45:42Z
Python,01-01-0000,2018-03-11T22:03:56Z
Python,01-01-0000,2020-06-15T19:22:51Z
Python,01-01-0000,2014-09-19T21:22:55Z
Python,01-01-0000,2017-10-03T15:22:45Z
C++,01-01-0000,2014-08-27T21:17:52Z
Python,01-01-0000,2020-06-19T19:16:32Z
C++,01-01-0000,2014-08-29T18:41:32Z
C++,01-01-0000,2019-10-25T21:40:41Z
C++,01-01-0000,2012-10-30T17:25:04Z
C++,01-01-0000,2016-01-29T00:16:42Z
C++,01-01-0000,2013-11-07T17:56:39Z
C++,01-01-0000,2018-01-22T18:03:27Z
C,01-01-0000,2014-05-27T16:55:16Z
C,01-01-0000,2014-05-22T21:14:25Z
C++,01-01-0000,2014-12-03T18:02:17Z
C++,01-01-0000,2017-01-11T22:57:02Z
Dart,01-01-0000,2015-05-12T20:49:23Z
C,01-01-0000,2019-08-15T00:34:03Z
Go,01-01-0000,2019-04-15T23:50:20Z
Go,01-01-0000,2017-04-10T03:45:47Z
Jupyter Notebook,01-01-0000,2019-12-17T18:59:42Z
Python,01-01-0000,2016-01-05T07:03:42Z
Python,01-01-0000,2014-09-03T23:52:44Z
TypeScript,01-01-0000,2020-04-29T21:31:48Z
Go,01-01-0000,2017-10-09T16:45:02Z
JavaScript,01-01-0000,2019-08-13T08:01:17Z
C,01-01-0000,2016-03-18T22:07:24Z
JavaScript,01-01-0000,2020-07-02T00:27:48Z
C++,01-01-0000,2013-11-26T18:20:10Z
Java,01-01-0000,2014-06-06T23:20:56Z
Common Lisp,01-01-0000,2013-05-15T04:07:12Z
Java,01-01-0000,2019-08-08T21:15:19Z
Python,01-01-0000,2019-11-19T16:28:52Z
Starlark,01-01-0000,2020-07-23T21:46:12Z
Python,01-01-0000,2019-10-14T07:04:14Z
C++,01-01-0000,2019-09-09T17:16:49Z
C++,01-01-0000,2013-09-16T16:28:53Z
Python,01-01-0000,2018-03-28T20:33:06Z
HTML,01-01-0000,2020-01-23T19:14:57Z
Go,01-01-0000,2016-02-23T17:00:59Z
JavaScript,01-01-0000,2014-09-30T18:29:14Z
C++,01-01-0000,2017-06-08T21:04:19Z
Go,01-01-0000,2017-06-15T20:13:58Z
R,01-01-0000,2017-08-16T19:18:30Z
Python,01-01-0000,2014-08-18T17:28:05Z
Objective-C,01-01-0000,2015-10-05T18:39:09Z
Objective-C,01-01-0000,2016-05-24T21:25:41Z
Objective-C,01-01-0000,2015-10-08T18:45:30Z
Objective-C,01-01-0000,2015-10-09T19:32:02Z
Objective-C,01-01-0000,2016-10-27T18:37:33Z
Objective-C,01-01-0000,2017-09-27T19:13:43Z
Objective-C,01-01-0000,2016-02-29T22:02:56Z
Objective-C,01-01-0000,2015-10-08T18:45:18Z
Jupyter Notebook,01-01-0000,2018-04-26T03:32:28Z
Python,01-01-0000,2020-06-30T13:38:42Z
Python,01-01-0000,2018-11-29T23:06:32Z
Java,01-01-0000,2015-10-16T16:13:45Z
Python,01-01-0000,2016-04-19T19:33:56Z
Python,01-01-0000,2017-01-24T17:19:08Z
KiCad,01-01-0000,2017-04-13T23:47:42Z
Makefile,01-01-0000,2018-04-10T22:04:46Z
Python,01-01-0000,2017-04-13T23:48:35Z
C++,01-01-0000,2016-02-05T00:46:00Z
Jupyter Notebook,01-01-0000,2020-06-14T23:03:34Z
C++,01-01-0000,2019-07-30T18:10:47Z
Python,01-01-0000,2019-05-24T15:56:59Z
C++,01-01-0000,2019-09-03T17:58:20Z
Go,01-01-0000,2017-08-10T18:51:08Z
Go,01-01-0000,2015-06-16T22:54:05Z
Java,01-01-0000,2016-04-28T22:25:14Z
JavaScript,01-01-0000,2016-02-29T18:28:26Z
CSS,01-01-0000,2014-10-08T18:01:28Z
HTML,01-01-0000,2015-01-14T22:01:33Z
C++,01-01-0000,2014-09-24T21:12:41Z
JavaScript,01-01-0000,2016-11-21T15:58:00Z
Go,01-01-0000,2016-05-19T18:02:52Z
Python,01-01-0000,2016-12-09T08:10:27Z
Kotlin,01-01-0000,2020-03-20T20:16:47Z
C#,01-01-0000,2017-02-22T22:21:38Z
C++,01-01-0000,2019-06-13T19:16:41Z
JavaScript,01-01-0000,2020-04-17T19:06:03Z
Python,01-01-0000,2013-09-10T15:15:09Z
C++,01-01-0000,2019-12-05T23:06:21Z
Python,01-01-0000,2018-08-13T16:40:50Z
Python,01-01-0000,2016-05-25T20:28:58Z
Go,01-01-0000,2017-06-15T20:14:04Z
Python,01-01-0000,2018-07-12T19:04:39Z
Python,01-01-0000,2016-11-03T16:58:57Z
C++,01-01-0000,2016-01-15T03:46:20Z
Go,01-01-0000,2017-06-15T20:14:10Z
Python,01-01-0000,2017-09-07T20:46:27Z
C,01-01-0000,2014-06-27T18:23:54Z
Rust,01-01-0000,2019-09-03T08:45:09Z
Go,01-01-0000,2018-04-30T12:02:00Z
Python,01-01-0000,2017-09-22T16:22:19Z
Python,01-01-0000,2016-04-27T18:16:02Z
TypeScript,01-01-0000,2020-07-01T20:32:20Z
Shell,01-01-0000,2020-05-28T23:32:39Z
Python,01-01-0000,2019-08-06T14:03:17Z
C++,01-01-0000,2019-01-15T21:02:09Z
Python,01-01-0000,2020-07-20T17:24:31Z
Python,01-01-0000,2016-11-07T17:45:31Z
Java,01-01-0000,2017-01-21T00:14:06Z
Dart,01-01-0000,2013-07-24T18:04:00Z
TypeScript,01-01-0000,2018-10-18T16:05:16Z
Jupyter Notebook,01-01-0000,2020-01-25T00:32:19Z
JavaScript,01-01-0000,2012-10-05T16:52:55Z
Java,01-01-0000,2015-05-10T05:38:36Z
Java,01-01-0000,2015-05-13T18:19:15Z
Go,01-01-0000,2018-02-27T16:56:10Z
Dart,01-01-0000,2017-07-28T22:08:13Z
C++,01-01-0000,2016-08-11T16:14:18Z
C++,01-01-0000,2015-04-09T00:32:46Z
Python,01-01-0000,2018-11-02T07:20:29Z
C++,01-01-0000,2015-04-22T07:50:05Z
Python,01-01-0000,2015-03-25T02:36:00Z
Java,01-01-0000,2015-02-17T23:23:31Z
C++,01-01-0000,2017-04-18T23:09:25Z
Go,01-01-0000,2014-05-27T23:46:16Z
Java,01-01-0000,2017-02-14T17:01:43Z
Python,01-01-0000,2019-12-09T20:39:20Z
C++,01-01-0000,2018-01-16T18:31:26Z
C,01-01-0000,2015-12-11T19:18:42Z
Rust,01-01-0000,2018-10-02T20:32:44Z
Jupyter Notebook,01-01-0000,2015-08-24T19:14:46Z
JavaScript,01-01-0000,2020-03-03T08:38:01Z
Java,01-01-0000,2017-11-02T23:32:31Z
Python,01-01-0000,2017-04-21T17:01:46Z
C++,01-01-0000,2015-12-28T02:52:19Z
C++,01-01-0000,2015-10-18T23:21:57Z
C++,01-01-0000,2019-01-25T22:45:38Z
Python,01-01-0000,2014-10-15T20:24:21Z
TypeScript,01-01-0000,2020-03-26T16:40:54Z
Python,01-01-0000,2018-07-19T17:29:31Z
Go,01-01-0000,2012-11-14T20:56:13Z
Ruby,01-01-0000,2017-07-07T23:55:34Z
Go,01-01-0000,2015-05-06T17:15:34Z
C++,01-01-0000,2017-04-19T15:45:12Z
C++,01-01-0000,2016-04-12T07:07:42Z
C++,01-01-0000,2020-04-23T20:41:37Z
Go,01-01-0000,2018-03-07T13:12:16Z
Java,01-01-0000,2018-02-27T17:25:25Z
C,01-01-0000,2016-03-30T22:21:18Z
Shell,01-01-0000,2017-02-07T10:16:34Z
Go,01-01-0000,2016-10-20T16:25:04Z
Python,01-01-0000,2013-09-04T19:15:15Z
Python,01-01-0000,2020-08-13T01:16:26Z
Python,01-01-0000,2018-10-30T04:24:31Z
Jupyter Notebook,01-01-0000,2019-04-08T16:48:48Z
Python,01-01-0000,2019-06-27T22:08:14Z
TypeScript,01-01-0000,2016-05-27T02:37:25Z
Python,01-01-0000,2020-02-20T08:55:22Z
Python,01-01-0000,2019-05-11T01:20:41Z
Java,01-01-0000,2015-03-17T09:12:50Z
Go,01-01-0000,2018-06-05T09:37:20Z
C,01-01-0000,2019-10-03T01:40:18Z
TypeScript,01-01-0000,2018-09-24T16:37:48Z
C,01-01-0000,2015-10-09T22:16:03Z
C,01-01-0000,2016-11-14T04:00:10Z
C++,01-01-0000,2017-12-15T03:35:27Z
Go,01-01-0000,2019-07-29T19:39:48Z
Python,01-01-0000,2015-03-14T01:00:50Z
R,01-01-0000,2014-07-17T22:12:17Z
TypeScript,01-01-0000,2018-08-08T23:05:17Z
TypeScript,01-01-0000,2018-01-16T17:31:24Z
C++,01-01-0000,2018-10-30T17:31:35Z
TypeScript,01-01-0000,2018-01-16T17:31:07Z
JavaScript,01-01-0000,2015-11-19T22:19:48Z
JavaScript,01-01-0000,2017-12-13T17:50:56Z
TypeScript,01-01-0000,2019-02-13T19:50:19Z
JavaScript,01-01-0000,2018-09-25T19:33:39Z
Python,01-01-0000,2014-10-29T20:50:54Z
Java,01-01-0000,2016-02-29T20:16:48Z
Go,01-01-0000,2019-05-01T19:50:09Z
Go,01-01-0000,2014-08-20T15:33:17Z
C++,01-01-0000,2015-05-14T21:42:10Z
Python,01-01-0000,2014-05-27T16:57:00Z
C,01-01-0000,2017-03-11T02:51:04Z
C++,01-01-0000,2018-03-26T17:58:07Z
C++,01-01-0000,2018-02-28T20:36:53Z
JavaScript,01-01-0000,2015-06-11T22:26:16Z
JavaScript,01-01-0000,2018-05-25T16:45:13Z
Go,01-01-0000,2016-03-31T06:18:20Z
Python,01-01-0000,2015-04-01T22:00:45Z
C++,01-01-0000,2017-10-02T17:56:48Z
Dart,01-01-0000,2016-09-23T20:00:28Z
Python,01-01-0000,2017-09-25T16:46:26Z
Python,01-01-0000,2017-03-10T20:21:34Z
Python,01-01-0000,2017-04-14T15:15:03Z
Python,01-01-0000,2019-09-09T19:55:46Z
C++,01-01-0000,2014-04-23T21:23:50Z
Go,01-01-0000,2017-07-10T20:01:49Z
C++,01-01-0000,2015-06-30T00:49:42Z
HTML,01-01-0000,2018-03-27T01:49:29Z
CSS,01-01-0000,2013-09-16T17:08:46Z
Java,01-01-0000,2014-09-30T18:26:35Z
Swift,01-01-0000,2017-08-10T21:20:32Z
C++,01-01-0000,2014-09-05T17:26:03Z
Ruby,01-01-0000,2018-03-07T08:18:19Z
Python,01-01-0000,2015-08-28T01:14:17Z
Java,01-01-0000,2019-05-14T15:49:29Z
Java,01-01-0000,2014-07-02T17:05:55Z
Java,01-01-0000,2014-07-01T23:03:43Z
Rust,01-01-0000,2019-12-17T18:55:43Z
C,01-01-0000,2019-10-22T07:21:45Z
Makefile,01-01-0000,2016-03-18T10:27:31Z
Java,01-01-0000,2016-01-26T23:41:36Z
C++,01-01-0000,2018-11-29T21:30:57Z
C++,01-01-0000,2015-02-21T01:25:35Z
C++,01-01-0000,2017-09-21T14:28:35Z
Python,01-01-0000,2019-01-23T09:28:34Z
Go,01-01-0000,2015-07-06T15:22:00Z
C#,01-01-0000,2015-12-15T19:50:26Z
Go,01-01-0000,2019-02-13T00:13:58Z
Haskell,01-01-0000,2020-07-08T18:37:54Z
Java,01-01-0000,2015-03-26T22:18:38Z
C++,01-01-0000,2020-08-04T18:32:04Z
C,01-01-0000,2016-07-20T19:39:50Z
JavaScript,01-01-0000,2017-02-17T23:17:33Z
C++,01-01-0000,2020-05-28T21:37:43Z
TypeScript,01-01-0000,2018-06-19T17:49:57Z
Python,01-01-0000,2016-04-04T21:06:54Z
C,01-01-0000,2015-03-30T16:24:02Z
Objective-C,01-01-0000,2013-07-09T20:38:11Z
JavaScript,01-01-0000,2014-02-10T16:46:28Z
Dart,01-01-0000,2014-09-10T05:01:45Z
JavaScript,01-01-0000,2017-07-27T08:04:10Z
JavaScript,01-01-0000,2014-03-26T15:39:13Z
C,01-01-0000,2017-04-10T23:32:15Z
HTML,01-01-0000,2016-05-05T22:13:13Z
Python,01-01-0000,2020-06-09T11:45:28Z
Python,01-01-0000,2014-08-13T17:42:32Z
Shell,01-01-0000,2016-10-06T19:03:36Z
JavaScript,01-01-0000,2019-04-02T19:53:11Z
JavaScript,01-01-0000,2015-03-17T16:21:27Z
Python,01-01-0000,2017-11-28T22:48:53Z
Java,01-01-0000,2013-08-20T18:19:13Z
Jupyter Notebook,01-01-0000,2017-06-05T14:35:27Z
C++,01-01-0000,2019-12-05T09:20:46Z
R,01-01-0000,2018-08-06T17:22:00Z
C++,01-01-0000,2017-08-30T20:59:28Z
JavaScript,01-01-0000,2018-08-01T16:17:42Z
C,01-01-0000,2016-12-08T23:56:29Z
Python,01-01-0000,2017-11-23T03:09:41Z
Python,01-01-0000,2019-04-03T20:29:46Z
Kotlin,01-01-0000,2020-07-23T23:38:09Z
TypeScript,01-01-0000,2019-02-22T17:48:01Z
JavaScript,01-01-0000,2013-09-30T15:24:47Z
JavaScript,01-01-0000,2017-08-09T17:59:29Z
C++,01-01-0000,2019-12-10T10:32:44Z
Dart,01-01-0000,2013-08-21T18:10:29Z
C++,01-01-0000,2016-09-21T20:00:54Z
Go,01-01-0000,2016-10-13T16:53:51Z
Python,01-01-0000,2014-10-17T17:36:25Z
C,01-01-0000,2018-02-07T20:21:15Z
HTML,01-01-0000,2019-10-25T09:11:34Z
PHP,01-01-0000,2019-04-02T10:25:33Z
PHP,01-01-0000,2018-09-04T05:34:19Z
Java,01-01-0000,2014-09-30T18:32:14Z
Java,01-01-0000,2014-11-20T17:39:56Z
Java,01-01-0000,2014-11-20T17:40:40Z
C++,01-01-0000,2014-11-04T17:37:06Z
C++,01-01-0000,2016-01-04T18:24:00Z
C++,01-01-0000,2017-07-24T08:16:27Z
Jupyter Notebook,01-01-0000,2018-04-27T19:48:44Z
C++,01-01-0000,2015-04-06T19:54:36Z
Python,01-01-0000,2013-06-20T23:46:50Z
Java,01-01-0000,2017-11-12T07:30:19Z
Rust,01-01-0000,2019-05-01T00:20:28Z
Dart,01-01-0000,2013-09-05T15:13:06Z
Java,01-01-0000,2018-02-03T00:05:43Z
Java,01-01-0000,2019-04-27T18:19:58Z
C++,01-01-0000,2014-11-06T16:19:26Z
Dart,01-01-0000,2017-02-08T17:46:57Z
Java,01-01-0000,2016-09-21T19:25:06Z
C#,01-01-0000,2018-05-18T18:28:57Z
Java,01-01-0000,2016-07-30T02:01:18Z
Java,01-01-0000,2018-06-27T14:38:32Z
C#,01-01-0000,2020-03-18T03:20:25Z
Java,01-01-0000,2015-02-27T01:48:31Z
Kotlin,01-01-0000,2017-06-28T19:32:21Z
Objective-C,01-01-0000,2015-10-14T14:47:11Z
Dart,01-01-0000,2014-07-24T20:21:17Z
Jupyter Notebook,01-01-0000,2020-05-19T18:03:44Z
Vue,01-01-0000,2019-09-09T21:56:24Z
TypeScript,01-01-0000,2019-11-19T00:23:21Z
Protocol Buffer,01-01-0000,2016-11-15T23:35:51Z
C++,01-01-0000,2019-05-30T01:42:28Z
Go,01-01-0000,2016-01-29T01:52:07Z
JavaScript,01-01-0000,2019-02-25T20:39:04Z
Kotlin,01-01-0000,2019-11-01T19:02:56Z
JavaScript,01-01-0000,2013-06-18T04:03:35Z
Python,01-01-0000,2015-11-02T18:19:46Z
C++,01-01-0000,2019-06-19T11:23:57Z
Dart,01-01-0000,2017-02-01T18:57:01Z
JavaScript,01-01-0000,2018-01-19T02:01:44Z
Dart,01-01-0000,2020-07-29T00:13:31Z
C++,01-01-0000,2017-10-16T22:03:02Z
Jupyter Notebook,01-01-0000,2019-02-21T01:58:58Z
Python,01-01-0000,2020-06-23T18:08:58Z
Go,01-01-0000,2019-05-28T21:35:40Z
Objective-C,01-01-0000,2018-01-19T02:50:16Z
Haskell,01-01-0000,2016-05-03T18:35:31Z
Python,01-01-0000,2018-11-19T19:36:12Z
Java,01-01-0000,2016-05-12T16:39:52Z
Groovy,01-01-0000,2015-04-13T17:06:00Z
Python,01-01-0000,2016-06-17T18:23:00Z
Python,01-01-0000,2014-12-17T16:14:30Z
Eagle,01-01-0000,2016-01-04T18:43:28Z
AppleScript,01-01-0000,2015-11-05T02:05:40Z
PowerShell,01-01-0000,2019-03-19T19:39:23Z
Go,01-01-0000,2017-07-08T18:35:59Z
Dart,01-01-0000,2015-03-20T17:06:51Z
JavaScript,01-01-0000,2018-02-28T14:04:27Z
Haskell,01-01-0000,2014-09-12T14:36:51Z
Python,01-01-0000,2020-01-31T02:25:37Z
Python,01-01-0000,2014-09-23T16:45:54Z
Jupyter Notebook,01-01-0000,2016-05-02T17:07:00Z
Python,01-01-0000,2015-04-22T19:28:45Z
Python,01-01-0000,2017-11-27T16:36:18Z
Python,01-01-0000,2018-06-27T17:46:57Z
Python,01-01-0000,2019-07-03T20:46:30Z
Python,01-01-0000,2014-02-03T16:51:11Z
Python,01-01-0000,2020-08-04T23:28:50Z
Python,01-01-0000,2014-03-26T16:13:48Z
Go,01-01-0000,2014-06-27T18:24:37Z
Python,01-01-0000,2014-07-01T23:00:56Z
Python,01-01-0000,2014-08-27T19:18:25Z
Python,01-01-0000,2017-08-08T13:42:28Z
Python,01-01-0000,2018-12-06T21:30:09Z
C,01-01-0000,2015-10-22T00:32:06Z
Python,01-01-0000,2017-02-21T21:35:07Z
Python,01-01-0000,2015-03-13T06:52:53Z
Python,01-01-0000,2018-03-13T20:31:40Z
Python,01-01-0000,2018-12-06T21:29:29Z
Python,01-01-0000,2018-11-01T18:18:59Z
Python,01-01-0000,2015-11-13T15:32:09Z
Python,01-01-0000,2018-10-15T18:23:41Z
Python,01-01-0000,2018-11-12T15:04:16Z
Python,01-01-0000,2015-03-11T22:37:23Z
Python,01-01-0000,2017-06-13T20:05:30Z
Python,01-01-0000,2015-03-18T20:52:08Z
Python,01-01-0000,2013-12-03T23:11:13Z
Python,01-01-0000,2017-02-01T17:54:11Z
Python,01-01-0000,2020-08-11T16:12:30Z
Python,01-01-0000,2019-08-06T22:11:58Z
JavaScript,01-01-0000,2012-09-10T18:02:58Z
C++,01-01-0000,2015-12-08T14:59:43Z
C,01-01-0000,2018-06-06T17:00:31Z
C++,01-01-0000,2018-06-01T18:20:06Z
C++,01-01-0000,2018-03-20T20:13:59Z
Dart,01-01-0000,2013-08-14T19:13:01Z
Dart,01-01-0000,2014-03-26T16:49:30Z
JavaScript,01-01-0000,2014-01-30T18:28:13Z
Java,01-01-0000,2018-05-09T08:01:46Z
C++,01-01-0000,2018-04-13T14:45:11Z
R,01-01-0000,2014-10-16T20:05:27Z
C,01-01-0000,2019-07-22T21:08:32Z
Python,01-01-0000,2018-01-11T18:22:24Z
C++,01-01-0000,2014-08-15T20:18:10Z
C++,01-01-0000,2014-08-18T21:21:26Z
Java,01-01-0000,2015-02-18T00:20:25Z
TypeScript,01-01-0000,2019-02-05T20:50:35Z
Go,01-01-0000,2016-12-22T18:23:26Z
Java,01-01-0000,2016-05-06T07:47:25Z
HTML,01-01-0000,2018-10-25T03:05:40Z
Python,01-01-0000,2014-04-09T17:17:08Z
C++,01-01-0000,2014-12-22T23:30:40Z
PHP,01-01-0000,2014-09-30T18:30:39Z
PHP,01-01-0000,2014-08-29T18:46:29Z
Matlab,01-01-0000,2017-07-24T21:18:21Z
C++,01-01-0000,2014-08-25T16:22:07Z
Java,01-01-0000,2014-02-21T20:14:01Z
Dart,01-01-0000,2015-01-16T13:09:05Z
C++,01-01-0000,2014-08-25T19:12:09Z
C,01-01-0000,2019-10-23T08:43:07Z
HTML,01-01-0000,2014-08-11T23:48:55Z
Java,01-01-0000,2017-12-06T19:09:53Z
Python,01-01-0000,2014-05-16T17:22:51Z
HTML,01-01-0000,2014-05-20T11:57:48Z
Go,01-01-0000,2018-10-30T14:23:09Z
C++,01-01-0000,2017-08-23T16:46:05Z
Python,01-01-0000,2020-04-09T22:47:22Z
Perl,01-01-0000,2015-03-13T01:19:09Z
Python,01-01-0000,2020-06-08T08:44:31Z
Python,01-01-0000,2016-10-24T21:22:25Z
Rust,01-01-0000,2017-10-31T07:14:09Z
Python,01-01-0000,2016-02-18T02:35:44Z
JavaScript,01-01-0000,2020-06-08T08:38:58Z
Objective-C,01-01-0000,2017-09-27T19:12:52Z
Python,01-01-0000,2020-05-13T18:22:18Z
C,01-01-0000,2018-02-23T01:54:45Z
Python,01-01-0000,2019-06-28T02:23:54Z
Java,01-01-0000,2014-09-05T16:45:45Z
Python,01-01-0000,2019-01-25T09:06:03Z
Python,01-01-0000,2015-08-05T21:58:13Z
Java,01-01-0000,2014-10-23T14:15:18Z
C++,01-01-0000,2018-01-03T15:05:56Z
Java,01-01-0000,2015-02-24T23:19:57Z
SystemVerilog,01-01-0000,2019-01-23T07:47:20Z
C++,01-01-0000,2019-06-11T17:30:19Z
CSS,01-01-0000,2019-02-13T17:32:34Z
C++,01-01-0000,2015-01-06T22:43:39Z
Puppet,01-01-0000,2015-10-19T15:25:57Z
Go,01-01-0000,2019-02-06T02:11:12Z
Rust,01-01-0000,2020-04-11T15:49:46Z
Python,01-01-0000,2016-11-03T16:44:00Z
Python,01-01-0000,2017-06-09T20:43:10Z
Ruby,01-01-0000,2012-01-23T17:09:03Z
Rust,01-01-0000,2019-08-21T20:23:02Z
Rust,01-01-0000,2015-04-22T19:43:54Z
Rust,01-01-0000,2018-02-28T03:10:59Z
Rust,01-01-0000,2016-09-16T22:20:38Z
Rust,01-01-0000,2019-11-14T04:28:41Z
C++,01-01-0000,2020-01-27T17:50:05Z
C++,01-01-0000,2019-08-30T15:45:51Z
Erlang,01-01-0000,2014-12-17T16:13:09Z
Java,01-01-0000,2015-09-25T18:53:24Z
C++,01-01-0000,2015-11-16T17:41:03Z
JavaScript,01-01-0000,2019-10-23T07:55:14Z
Python,01-01-0000,2019-11-08T18:17:22Z
JavaScript,01-01-0000,2018-11-06T10:36:29Z
JavaScript,01-01-0000,2018-08-27T17:51:55Z
Java,01-01-0000,2019-12-05T02:33:50Z
Java,01-01-0000,2016-01-25T14:21:36Z
Go,01-01-0000,2016-05-04T16:51:24Z
Go,01-01-0000,2020-06-29T15:52:13Z
JavaScript,01-01-0000,2015-09-14T00:19:06Z
C,01-01-0000,2019-08-28T17:43:57Z
Java,01-01-0000,2015-08-07T20:37:14Z
Java,01-01-0000,2017-06-19T17:23:47Z
C++,01-01-0000,2019-03-07T09:30:45Z
Python,01-01-0000,2014-09-03T23:49:51Z
Objective-C,01-01-0000,2014-10-09T21:18:31Z
Java,01-01-0000,2015-03-23T23:58:50Z
JavaScript,01-01-0000,2015-10-12T04:15:07Z
C++,01-01-0000,2015-11-10T18:49:35Z
C++,01-01-0000,2015-10-08T22:21:48Z
Go,01-01-0000,2019-07-24T20:18:11Z
TypeScript,01-01-0000,2018-11-29T21:45:45Z
Java,01-01-0000,2016-05-12T19:08:04Z
Scheme,01-01-0000,2018-02-28T17:46:21Z
Java,01-01-0000,2016-06-29T17:58:47Z
C,01-01-0000,2016-04-11T18:14:16Z
Swift,01-01-0000,2019-02-07T20:15:48Z
TypeScript,01-01-0000,2019-08-30T14:38:06Z
Java,01-01-0000,2014-10-31T16:51:02Z
TypeScript,01-01-0000,2020-03-23T20:17:00Z
C++,01-01-0000,2015-03-12T00:16:35Z
HTML,01-01-0000,2019-05-24T08:31:10Z
C++,01-01-0000,2017-04-21T13:38:40Z
Go,01-01-0000,2015-12-04T07:49:07Z
Go,01-01-0000,2018-04-20T17:49:22Z
C++,01-01-0000,2020-04-30T05:23:51Z
Go,01-01-0000,2013-10-03T01:14:22Z
Python,01-01-0000,2017-11-08T19:49:11Z
TypeScript,01-01-0000,2020-03-30T22:29:00Z
C++,01-01-0000,2015-05-29T16:14:28Z
Java,01-01-0000,2014-10-07T23:00:04Z
C++,01-01-0000,2017-03-07T10:03:48Z
Python,01-01-0000,2017-03-02T22:49:20Z
Dart,01-01-0000,2014-09-15T20:37:58Z
JavaScript,01-01-0000,2017-05-16T09:22:04Z
Dart,01-01-0000,2015-05-12T20:48:27Z
Python,01-01-0000,2018-06-29T16:32:17Z
Java,01-01-0000,2019-05-12T02:13:05Z
C++,01-01-0000,2015-08-06T01:17:42Z
Rust,01-01-0000,2017-01-11T23:02:45Z
C++,01-01-0000,2014-04-21T17:34:50Z
JavaScript,01-01-0000,2014-12-19T21:12:18Z
C++,01-01-0000,2018-10-31T20:55:25Z
Python,01-01-0000,2019-08-21T19:57:02Z
C++,01-01-0000,2017-09-05T16:51:23Z
JavaScript,01-01-0000,2017-01-03T03:20:35Z
Go,01-01-0000,2015-01-21T21:16:07Z
Python,01-01-0000,2015-10-16T23:39:34Z
Go,01-01-0000,2015-05-28T14:38:34Z
Python,01-01-0000,2020-05-20T19:33:41Z
Go,01-01-0000,2020-05-05T07:35:09Z
Java,01-01-0000,2014-10-07T22:59:09Z
Python,01-01-0000,2017-01-10T06:23:23Z
Java,01-01-0000,2015-07-20T17:29:12Z
JavaScript,01-01-0000,2019-06-11T14:20:21Z
JavaScript,01-01-0000,2017-05-23T17:03:26Z
C++,01-01-0000,2014-01-09T17:09:57Z
Go,01-01-0000,2014-01-09T17:10:17Z
Go,01-01-0000,2014-08-14T23:28:35Z
Go,01-01-0000,2017-10-02T14:05:01Z
Python,01-01-0000,2020-05-06T23:06:58Z
C++,01-01-0000,2017-04-25T10:47:40Z
Go,01-01-0000,2016-07-07T14:09:50Z
Go,01-01-0000,2016-07-20T05:19:56Z
HTML,01-01-0000,2020-04-23T20:49:00Z
Python,01-01-0000,2020-01-02T18:06:59Z
Python,01-01-0000,2016-12-01T21:35:47Z
C++,01-01-0000,2014-03-03T21:58:09Z
C,01-01-0000,2015-06-30T17:52:56Z
Java,01-01-0000,2020-01-30T17:22:58Z
Ruby,01-01-0000,2017-09-13T02:47:33Z
C++,01-01-0000,2014-04-05T02:09:09Z
Dart,01-01-0000,2016-12-17T23:07:09Z
Shell,01-01-0000,2016-04-27T12:45:46Z
Python,01-01-0000,2015-02-11T23:19:50Z
HTML,01-01-0000,2018-10-05T15:16:17Z
Python,01-01-0000,2019-03-20T19:23:28Z
HTML,01-01-0000,2017-12-20T08:41:33Z
Python,01-01-0000,2020-04-09T12:20:03Z
C++,01-01-0000,2015-08-10T19:07:28Z
TSQL,01-01-0000,2020-02-24T22:15:26Z
Go,01-01-0000,2019-10-02T18:11:00Z
Java,01-01-0000,2017-07-13T05:12:24Z
Java,01-01-0000,2018-11-17T02:56:25Z
Python,01-01-0000,2016-12-15T21:23:26Z
Ruby,01-01-0000,2020-01-31T18:35:34Z
Go,01-01-0000,2016-08-15T16:37:38Z
Python,01-01-0000,2015-06-23T00:40:42Z
Go,01-01-0000,2019-08-14T20:30:27Z
Python,01-01-0000,2014-02-13T00:53:19Z
Go,01-01-0000,2018-03-13T16:19:17Z
Python,01-01-0000,2017-06-29T15:17:05Z
Go,01-01-0000,2018-10-23T14:35:50Z
Starlark,01-01-0000,2018-09-27T18:02:47Z
Python,01-01-0000,2018-02-26T19:15:09Z
Java,01-01-0000,2018-02-23T09:48:29Z
C++,01-01-0000,2018-05-01T19:55:57Z
AppleScript,01-01-0000,2015-11-05T01:57:49Z
Go,01-01-0000,2014-10-13T21:26:23Z
Python,01-01-0000,2018-10-09T18:16:50Z
JavaScript,01-01-0000,2016-07-07T02:54:23Z
C,01-01-0000,2018-03-11T00:29:35Z
Elixir,01-01-0000,2015-10-13T17:32:55Z
HTML,01-01-0000,2020-05-08T02:38:26Z
C,01-01-0000,2015-10-15T17:54:29Z
Go,01-01-0000,2017-10-20T22:38:57Z
Dart,01-01-0000,2013-06-17T22:31:11Z
Java,01-01-0000,2017-06-09T16:42:04Z
Python,01-01-0000,2016-02-08T17:28:37Z
Python,01-01-0000,2019-07-10T21:02:42Z
Python,01-01-0000,2017-12-05T18:22:40Z
HTML,01-01-0000,2015-05-20T19:18:59Z
Go,01-01-0000,2016-02-23T17:02:31Z
Python,01-01-0000,2016-08-03T20:11:35Z
C++,01-01-0000,2015-03-16T17:23:55Z
Java,01-01-0000,2019-01-15T18:23:27Z
Python,01-01-0000,2016-04-25T15:43:58Z
Go,01-01-0000,2018-10-05T18:23:22Z
Jupyter Notebook,01-01-0000,2017-11-07T02:56:49Z
Swift,01-01-0000,2020-05-08T14:18:30Z
C++,01-01-0000,2017-11-13T23:58:18Z
C,01-01-0000,2017-11-13T23:59:18Z
C,01-01-0000,2017-11-14T00:00:26Z
C,01-01-0000,2017-11-14T00:01:24Z
C,01-01-0000,2017-11-14T00:02:12Z
Swift,01-01-0000,2017-11-14T00:03:00Z
Python,01-01-0000,2017-11-14T00:03:43Z
Python,01-01-0000,2018-07-13T00:06:13Z
C++,01-01-0000,2017-11-14T00:04:34Z
C++,01-01-0000,2017-11-14T00:05:19Z
LLVM,01-01-0000,2017-11-14T00:06:02Z
Swift,01-01-0000,2017-11-14T00:06:54Z
Swift,01-01-0000,2020-06-02T17:46:58Z
C++,01-01-0000,2016-06-30T09:25:24Z
TypeScript,01-01-0000,2017-07-31T20:09:44Z
Scala,01-01-0000,2017-07-31T20:06:53Z
R,01-01-0000,2018-02-09T22:24:22Z
Rust,01-01-0000,2017-04-27T00:41:01Z
C++,01-01-0000,2018-04-12T16:10:18Z
JavaScript,01-01-0000,2014-01-28T17:13:29Z
Go,01-01-0000,2015-10-12T06:05:05Z
C++,01-01-0000,2014-09-03T23:55:02Z
C++,01-01-0000,2015-03-16T20:47:16Z
TypeScript,01-01-0000,2019-07-25T19:27:44Z
HTML,01-01-0000,2017-03-20T16:26:36Z
Java,01-01-0000,2015-09-24T14:12:33Z
JavaScript,01-01-0000,2017-04-20T18:00:37Z
Python,01-01-0000,2017-10-26T20:02:46Z
Rust,01-01-0000,2016-02-11T01:07:24Z
Python,01-01-0000,2019-08-26T04:03:48Z
C++,01-01-0000,2019-08-23T14:02:59Z
C,01-01-0000,2016-02-05T13:18:33Z
Python,01-01-0000,2017-06-29T15:17:49Z
Python,01-01-0000,2017-11-02T14:43:58Z
Python,01-01-0000,2019-06-29T14:00:22Z
Objective-C,01-01-0000,2016-01-04T17:00:10Z
Python,01-01-0000,2020-07-24T15:54:26Z
JavaScript,01-01-0000,2018-01-13T22:35:46Z
Python,01-01-0000,2019-04-25T20:38:13Z
C++,01-01-0000,2020-03-30T13:24:59Z
Python,01-01-0000,2015-11-05T02:02:34Z
Python,01-01-0000,2015-07-02T05:43:13Z
JavaScript,01-01-0000,2014-07-16T23:03:28Z
Go,01-01-0000,2015-04-10T14:15:02Z
JavaScript,01-01-0000,2013-01-02T18:41:06Z
Java,01-01-0000,2017-07-10T19:15:13Z
Python,01-01-0000,2017-04-05T12:59:10Z
Python,01-01-0000,2015-06-23T00:41:41Z
Makefile,01-01-0000,2017-02-27T14:57:47Z
Python,01-01-0000,2019-07-24T16:09:50Z
Jupyter Notebook,01-01-0000,2018-12-17T10:12:30Z
Go,01-01-0000,2017-02-24T19:54:50Z
Python,01-01-0000,2018-01-04T21:48:05Z
Java,01-01-0000,2014-10-07T23:01:49Z
JavaScript,01-01-0000,2017-02-09T22:11:24Z
Go,01-01-0000,2013-09-11T19:05:45Z
Python,01-01-0000,2020-07-16T14:51:59Z
Python,01-01-0000,2014-06-19T17:49:45Z
Java,01-01-0000,2014-06-06T16:21:09Z
Java,01-01-0000,2020-04-06T08:32:14Z
Python,01-01-0000,2019-04-11T19:04:35Z
Python,01-01-0000,2017-10-01T08:29:32Z
Rust,01-01-0000,2020-04-22T16:56:33Z
Rust,01-01-0000,2018-11-19T19:31:20Z
Go,01-01-0000,2014-12-08T16:58:55Z
C,01-01-0000,2016-10-06T15:25:31Z
C++,01-01-0000,2016-01-14T02:10:46Z
Java,01-01-0000,2014-12-09T17:52:08Z
C++,01-01-0000,2018-09-17T17:00:50Z
Go,01-01-0000,2015-01-05T18:18:20Z
JavaScript,01-01-0000,2013-03-27T18:05:40Z
JavaScript,01-01-0000,2012-11-08T19:32:53Z
Python,01-01-0000,2014-09-15T15:16:32Z
Java,01-01-0000,2015-11-20T19:09:12Z
Python,01-01-0000,2019-09-19T17:33:09Z
Python,01-01-0000,2019-10-05T15:09:14Z
Go,01-01-0000,2020-04-21T17:26:13Z
Go,01-01-0000,2020-06-18T22:01:39Z
Go,01-01-0000,2016-05-12T15:37:35Z
Go,01-01-0000,2018-01-27T09:43:35Z
Python,01-01-0000,2020-05-13T04:46:58Z
JavaScript,01-01-0000,2015-04-02T18:29:25Z
JavaScript,01-01-0000,2017-08-14T16:57:53Z
Go,01-01-0000,2020-03-12T22:26:47Z
JavaScript,01-01-0000,2019-02-01T10:15:37Z
Jupyter Notebook,01-01-0000,2018-09-03T16:23:29Z
Java,01-01-0000,2011-06-22T18:55:12Z
Go,01-01-0000,2018-08-10T16:06:24Z
Java,01-01-0000,2020-06-03T16:20:00Z
Java,01-01-0000,2020-06-04T15:19:25Z
JavaScript,01-01-0000,2013-09-16T18:35:45Z
Dart,01-01-0000,2014-12-17T16:27:06Z
Dart,01-01-0000,2017-06-06T15:36:01Z
Java,01-01-0000,2016-08-19T00:52:21Z
Python,01-01-0000,2015-09-15T16:50:40Z
JavaScript,01-01-0000,2014-09-03T23:47:44Z
Java,01-01-0000,2019-07-23T22:45:04Z
HTML,01-01-0000,2019-02-12T00:29:54Z
JavaScript,01-01-0000,2014-06-06T23:56:59Z
Go,01-01-0000,2017-03-20T16:35:33Z
Kotlin,01-01-0000,2020-05-14T22:33:32Z
C++,01-01-0000,2015-04-09T21:46:04Z
Objective-C,01-01-0000,2018-05-23T23:55:50Z
Python,01-01-0000,2018-10-23T08:13:24Z
Java,01-01-0000,2019-01-17T00:12:21Z
Python,01-01-0000,2020-02-26T17:31:51Z
Python,01-01-0000,2020-07-16T01:54:32Z
Python,01-01-0000,2020-05-20T15:01:35Z
HTML,01-01-0000,2016-12-01T17:36:31Z
Objective-C,01-01-0000,2017-12-05T23:02:56Z
HTML,01-01-0000,2016-07-29T11:29:06Z
C++,01-01-0000,2014-10-15T20:46:09Z
Python,01-01-0000,2018-08-15T19:51:45Z
C++,01-01-0000,2019-06-21T21:36:13Z
Python,01-01-0000,2017-10-24T15:23:16Z
Dart,01-01-0000,2013-07-09T21:15:44Z
Python,01-01-0000,2013-10-07T19:51:48Z
Perl,01-01-0000,2016-08-02T20:23:32Z
Python,01-01-0000,2015-09-17T22:23:46Z
C,01-01-0000,2019-04-15T19:16:09Z
C++,01-01-0000,2019-07-19T20:26:52Z
Go,01-01-0000,2016-02-12T22:17:59Z
Python,01-01-0000,2020-06-16T17:29:47Z
Python,01-01-0000,2018-03-23T19:52:38Z
JavaScript,01-01-0000,2019-01-16T23:16:14Z
C++,01-01-0000,2017-03-14T06:25:59Z
Assembly,01-01-0000,2020-06-10T16:25:58Z
Emacs Lisp,01-01-0000,2019-02-23T21:53:42Z
Go,01-01-0000,2016-01-04T19:37:24Z
Dart,01-01-0000,2013-04-12T19:46:07Z
C++,01-01-0000,2019-11-07T00:04:47Z
Perl,01-01-0000,2017-09-11T20:22:30Z
Vim script,01-01-0000,2015-01-20T19:16:44Z
Vim script,01-01-0000,2016-02-29T18:25:18Z
Vim script,01-01-0000,2015-04-22T21:56:07Z
Vim script,01-01-0000,2015-04-20T14:05:05Z
VimL,01-01-0000,2014-08-18T14:56:37Z
VimL,01-01-0000,2014-03-17T18:12:17Z
Vim script,01-01-0000,2013-12-06T23:28:52Z
Vim script,01-01-0000,2015-10-01T00:14:33Z
Vim script,01-01-0000,2013-12-05T21:59:43Z
Vim script,01-01-0000,2015-10-13T23:03:16Z
Vim script,01-01-0000,2016-02-19T21:47:58Z
Vim script,01-01-0000,2014-11-25T17:17:11Z
Python,01-01-0000,2014-03-17T18:12:29Z
Rust,01-01-0000,2020-08-04T08:22:47Z
JavaScript,01-01-0000,2019-11-06T21:47:08Z
HTML,01-01-0000,2017-03-29T23:56:54Z
JavaScript,01-01-0000,2015-08-06T15:59:32Z
C++,01-01-0000,2019-12-06T19:44:18Z
CMake,01-01-0000,2019-10-15T13:34:02Z
C++,01-01-0000,2017-06-14T18:31:13Z
Go,01-01-0000,2017-05-24T18:39:02Z
JavaScript,01-01-0000,2014-10-02T17:47:31Z
JavaScript,01-01-0000,2018-03-05T13:17:52Z
JavaScript,01-01-0000,2017-09-11T21:16:45Z
Java,01-01-0000,2017-01-24T17:39:33Z
C++,01-01-0000,2014-07-08T00:21:40Z
JavaScript,01-01-0000,2015-05-05T23:12:14Z
C,01-01-0000,2013-09-17T22:26:12Z
Java,01-01-0000,2018-12-06T21:33:29Z
Python,01-01-0000,2017-09-29T15:15:29Z
Python,01-01-0000,2014-02-24T21:00:11Z
JavaScript,01-01-0000,2016-01-25T17:24:47Z
TypeScript,01-01-0000,2018-10-16T17:19:35Z
C++,01-01-0000,2016-04-04T19:51:46Z
C++,01-01-0000,2019-12-31T06:51:38Z
C++,01-01-0000,2017-06-14T18:32:23Z
Python,01-01-0000,2019-03-05T11:47:04Z
C++,01-01-0000,2019-05-17T07:11:02Z
C,01-01-0000,2019-09-19T14:08:38Z
Java,01-01-0000,2016-02-26T19:41:21Z
Python,01-01-0000,2017-09-15T07:56:22Z
Java,01-01-0000,2015-05-19T15:56:04Z
JavaScript,01-01-0000,2018-01-04T17:24:19Z
Python,01-01-0000,2018-12-05T20:34:43Z
Java,01-01-0000,2015-08-04T00:28:52Z
Java,01-01-0000,2015-08-04T00:11:30Z
Java,01-01-0000,2015-08-04T00:30:37Z
Go,01-01-0000,2015-12-31T10:09:17Z
JavaScript,01-01-0000,2017-12-05T18:32:48Z
Go,01-01-0000,2018-09-24T22:06:10Z
Jupyter Notebook,01-01-0000,2017-12-21T02:42:25Z
Go,01-01-0000,2016-09-30T23:04:28Z
JavaScript,01-01-0000,2019-01-02T03:54:12Z
TypeScript,01-01-0000,2019-07-31T19:32:02Z
HTML,01-01-0000,2014-04-07T08:45:18Z
JavaScript,01-01-0000,2020-01-21T20:30:33Z
Java,01-01-0000,2017-06-09T17:49:49Z
Rust,01-01-0000,2020-01-29T03:11:19Z
Dart,01-01-0000,2020-08-10T14:35:13Z
Dart,01-01-0000,2013-07-22T23:48:29Z
HTML,01-01-0000,2014-04-28T18:45:45Z
Dart,01-01-0000,2015-05-06T16:53:15Z
Go,01-01-0000,2019-08-26T05:26:03Z
Go,01-01-0000,2019-10-01T17:21:04Z
Java,01-01-0000,2015-01-27T23:42:45Z
Dart,01-01-0000,2015-04-11T03:57:53Z
Python,01-01-0000,2018-06-28T18:46:44Z
Python,01-01-0000,2014-01-06T23:50:14Z
Java,01-01-0000,2018-07-25T18:59:12Z
JavaScript,01-01-0000,2015-04-01T19:50:40Z
Python,01-01-0000,2020-06-11T21:26:10Z
TypeScript,01-01-0000,2019-04-10T18:35:37Z
Vue,01-01-0000,2019-08-14T07:40:43Z
JavaScript,01-01-0000,2019-08-17T15:04:47Z
Java,01-01-0000,2015-05-04T15:20:07Z
Go,01-01-0000,2016-03-21T14:36:40Z
Go,01-01-0000,2018-11-28T17:34:51Z
C++,01-01-0000,2014-10-09T14:34:43Z
C,01-01-0000,2017-11-13T00:44:45Z
JavaScript,01-01-0000,2015-03-23T21:02:10Z
JavaScript,01-01-0000,2018-07-17T04:57:29Z
Java,01-01-0000,2016-11-08T20:56:25Z
Python,01-01-0000,2016-09-14T13:15:19Z
Python,01-01-0000,2017-09-08T02:37:43Z
C,01-01-0000,2017-01-24T19:40:23Z
C++,01-01-0000,2017-02-24T00:23:16Z
C,01-01-0000,2019-09-13T23:48:37Z
C++,01-01-0000,2014-08-29T18:38:08Z
C++,01-01-0000,2017-03-29T17:10:19Z
C,01-01-0000,2014-06-20T14:55:28Z
Rust,01-01-0000,2018-11-13T17:32:51Z
C,01-01-0000,2019-10-22T20:23:59Z
Go,01-01-0000,2020-06-29T23:30:27Z
Matlab,01-01-0000,2017-01-02T10:32:11Z
Python,01-01-0000,2015-03-18T18:22:31Z
C,01-01-0000,2017-10-19T14:20:35Z
Verilog,01-01-0000,2018-01-08T17:08:36Z
Java,01-01-0000,2017-10-20T13:51:55Z
Python,01-01-0000,2016-12-20T21:49:38Z
Java,01-01-0000,2015-03-16T20:20:28Z
Java,01-01-0000,2014-09-25T16:47:01Z
TypeScript,01-01-0000,2018-05-11T17:27:25Z
Shell,01-01-0000,2015-11-05T02:04:10Z
Java,01-01-0000,2019-05-23T17:10:53Z
C++,01-01-0000,2019-04-16T17:43:46Z
Python,01-01-0000,2017-04-03T18:14:56Z
C,01-01-0000,2013-10-02T20:45:17Z
Go,01-01-0000,2016-04-29T16:46:16Z
C++,01-01-0000,2015-05-21T19:26:59Z
C++,01-01-0000,2015-03-09T10:32:36Z
Kotlin,01-01-0000,2019-03-08T00:37:14Z
